"round","entry","requested","scene","particle_mode","mesh_draws_total","mesh_fallbacks_total","mesh_vertices_total","mesh_reason","mesh_draws_sample","mesh_fallbacks_sample","mesh_vertices_sample","mesh_last_fallback","backend","device","reason","vsync","backend_changes","elapsed_ms","cpu_ms","cpu_percent","working_set_mib","private_mib","cpu_caches_available","gpu_cache_available","skia_cpu_font_cache_mib","skia_cpu_resource_cache_mib","skia_gpu_cache_mib","skia_gpu_purgeable_mib","skia_gpu_cache_limit_mib","skia_gpu_resource_count","retained_surface_estimate_mib","paint_count","paint_mean_ms","content_mean_ms","content_p95_ms","submit_mean_ms","blit_mean_ms","width","height","dpi_scale"
"1","code","cpu","effects","mesh","0","0","0","not-requested","0","0","0","none","raster","","disabled-by-environment","0","0","4990.3757","1375","0.86103237","118.01172","97.15625","1","0","0.10999489","0.11297607","0","0","0","0","8.125","309","4.2424612","4.0517524","14.1465","0","0.11052006","1320","1000","1"
"1","code","gpu","effects","mesh","0","0","0","not-requested","0","0","0","none","opengl","NVIDIA GeForce RTX 5080/PCIe/SSE2","","1","0","5006.5225","562.5","0.35110448","170.54688","306.26953","1","1","0.11242008","0.14117432","77.796677","68.464401","256","143","5.0354004","338","1.0724873","0.69372071","13.0768","0.2224926","0","1320","1000","1"
"1","code","cpu","effects-idle","mesh","0","0","0","not-requested","0","0","0","none","raster","","disabled-by-environment","0","0","5004.7043","0","0","99.234375","78.371094","1","0","0.10930824","0.059880257","0","0","0","0","8.125","0","0","0","0","0","0","1320","1000","1"
"1","code","gpu","effects-idle","mesh","0","0","0","not-requested","0","0","0","none","opengl","NVIDIA GeForce RTX 5080/PCIe/SSE2","","1","0","5005.684","0","0","148.47656","257.38672","1","1","0.11173344","0.058621407","57.238419","47.906143","256","85","5.0354004","0","0","0","0","0","0","1320","1000","1"
"2","code","gpu","effects","mesh","0","0","0","not-requested","0","0","0","none","opengl","NVIDIA GeForce RTX 5080/PCIe/SSE2","","1","0","5002.3885","593.75","0.37091656","172.14062","307.87891","1","1","0.11242008","0.13783932","79.598801","70.266525","256","142","5.0354004","336","1.1309051","0.72058929","12.9632","0.24003274","0","1320","1000","1"
"2","code","cpu","effects","mesh","0","0","0","not-requested","0","0","0","none","raster","","disabled-by-environment","0","0","5005.6733","1375","0.85840101","118.02344","97.363281","1","0","0.10999489","0.10783958","0","0","0","0","8.125","312","4.1522237","3.9742369","14.0973","0","0.10510577","1320","1000","1"
"2","code","gpu","effects-idle","mesh","0","0","0","not-requested","0","0","0","none","opengl","NVIDIA GeForce RTX 5080/PCIe/SSE2","","1","0","4989.1011","0","0","146.48047","250.03516","1","1","0.11173344","0.05988884","55.361008","46.028732","256","88","5.0354004","0","0","0","0","0","0","1320","1000","1"
"2","code","cpu","effects-idle","mesh","0","0","0","not-requested","0","0","0","none","raster","","disabled-by-environment","0","0","4990.4911","0","0","99.246094","78.347656","1","0","0.10930824","0.054110527","0","0","0","0","8.125","0","0","0","0","0","0","1320","1000","1"
"3","code","cpu","effects","mesh","0","0","0","not-requested","0","0","0","none","raster","","disabled-by-environment","0","0","5006.2059","1375","0.85830968","115.92188","95.242188","1","0","0.10999489","0.10937405","0","0","0","0","8.125","312","4.1599606","3.9727538","14.0208","0","0.11135865","1320","1000","1"
"3","code","gpu","effects","mesh","0","0","0","not-requested","0","0","0","none","opengl","NVIDIA GeForce RTX 5080/PCIe/SSE2","","1","0","5002.4917","640.625","0.40019119","173.14062","310.26953","1","1","0.11242008","0.12675858","80.439835","71.107559","256","138","5.0354004","337","1.1118534","0.72537507","12.6371","0.22213145","0","1320","1000","1"
"3","code","cpu","effects-idle","mesh","0","0","0","not-requested","0","0","0","none","raster","","disabled-by-environment","0","0","5007.1103","0","0","99.195312","78.308594","1","0","0.10930824","0.054110527","0","0","0","0","8.125","0","0","0","0","0","0","1320","1000","1"
"3","code","gpu","effects-idle","mesh","0","0","0","not-requested","0","0","0","none","opengl","NVIDIA GeForce RTX 5080/PCIe/SSE2","","1","0","5004.5473","0","0","148.73047","258.48828","1","1","0.11173344","0.058262825","57.301285","47.969009","256","86","5.0354004","0","0","0","0","0","0","1320","1000","1"
