segment,time_ms,progress,section_height,expected_height,paint_ms,section_y,reveal_y,reveal_height
0,174953864.370500,1.000000,313.000000,313.000000,0.341600,587.000000,779.000000,97.000000
0,174953865.587200,0.958381,308.000000,308.130591,0.130500,587.000000,778.000000,93.000000
0,174953870.753300,0.795244,290.000000,289.043532,0.269100,587.000000,775.000000,78.000000
0,174953875.978400,0.647953,272.000000,271.810519,0.119000,587.000000,772.000000,63.000000
0,174953881.355000,0.522927,257.000000,257.182457,0.116100,587.000000,769.000000,51.000000
0,174953886.799000,0.412741,245.000000,244.290708,0.101100,587.000000,767.000000,41.000000
0,174953892.286600,0.319219,233.000000,233.348601,0.094000,587.000000,765.000000,31.000000
0,174953897.836900,0.241017,225.000000,224.199027,0.093400,587.000000,764.000000,24.000000
0,174953903.352000,0.176682,218.000000,216.671828,0.099600,587.000000,763.000000,18.000000
0,174953908.784600,0.125073,212.000000,210.633581,0.091400,587.000000,762.000000,13.000000
0,174953914.361600,0.084564,207.000000,205.893994,0.098500,587.000000,761.000000,9.000000
0,174953919.986300,0.053857,203.000000,202.301317,0.191500,587.000000,760.000000,6.000000
0,174953925.890800,0.031427,201.000000,199.676903,0.096600,587.000000,760.000000,4.000000
0,174953930.825500,0.016703,198.000000,197.954282,0.091700,587.000000,759.000000,2.000000
0,174953936.281200,0.007363,197.000000,196.861519,0.089300,587.000000,759.000000,1.000000
0,174953941.810900,0.002370,197.000000,196.277243,0.098200,587.000000,759.000000,1.000000
0,174953947.321300,0.000378,197.000000,196.044255,0.088300,587.000000,759.000000,1.000000
0,174953952.789500,0.000001,197.000000,196.000164,0.092500,587.000000,759.000000,1.000000
0,174953958.423800,0.000000,196.000000,196.000000,0.172000,587.000000,587.000000,0.000000
1,174954375.849100,0.000000,196.000000,196.000000,0.403500,587.000000,759.000000,0.000000
1,174954377.066700,0.032271,201.000000,199.775764,0.302000,587.000000,760.000000,4.000000
1,174954382.104700,0.157791,215.000000,214.461600,0.143900,587.000000,762.000000,16.000000
1,174954387.567600,0.274427,228.000000,228.107959,0.154000,587.000000,764.000000,27.000000
1,174954393.220100,0.379995,241.000000,240.459421,0.221200,587.000000,767.000000,37.000000
1,174954398.645300,0.474663,252.000000,251.535622,0.207200,587.000000,768.000000,47.000000
1,174954404.129400,0.559196,262.000000,261.425959,0.191100,587.000000,770.000000,55.000000
1,174954410.011400,0.634117,271.000000,270.191739,0.105300,587.000000,772.000000,62.000000
1,174954415.194600,0.700210,278.000000,277.924574,0.192400,587.000000,773.000000,68.000000
1,174954420.492700,0.757752,285.000000,284.656977,0.100000,587.000000,774.000000,74.000000
1,174954426.016500,0.807218,291.000000,290.444543,0.106400,587.000000,775.000000,79.000000
1,174954431.492600,0.849562,296.000000,295.398767,0.106200,587.000000,776.000000,83.000000
1,174954436.502200,0.882379,300.000000,299.238301,0.103300,587.000000,777.000000,86.000000
1,174954441.567500,0.910002,303.000000,302.470268,0.106300,587.000000,777.000000,89.000000
1,174954446.980700,0.934736,306.000000,305.364134,0.100100,587.000000,778.000000,91.000000
1,174954452.848300,0.954923,308.000000,307.725939,0.117300,587.000000,778.000000,93.000000
1,174954458.181600,0.969957,310.000000,309.484940,0.197200,587.000000,778.000000,95.000000
1,174954463.478000,0.981370,312.000000,310.820252,0.097700,587.000000,779.000000,96.000000
1,174954468.869200,0.989332,312.000000,311.751874,0.093000,587.000000,779.000000,96.000000
1,174954474.405900,0.994702,313.000000,312.380139,0.097400,587.000000,779.000000,97.000000
1,174954479.402900,0.997681,313.000000,312.728631,0.094200,587.000000,779.000000,97.000000
1,174954485.130700,0.999349,313.000000,312.923798,0.271000,587.000000,779.000000,97.000000
1,174954490.577600,0.999932,313.000000,312.992022,0.129500,587.000000,779.000000,97.000000
1,174954495.939900,1.000000,313.000000,313.000000,0.134800,587.000000,779.000000,97.000000
2,174954887.392800,1.000000,313.000000,313.000000,0.270400,587.000000,779.000000,97.000000
2,174954888.370300,0.962489,309.000000,308.611221,0.142100,587.000000,778.000000,94.000000
2,174954893.111900,0.808397,291.000000,290.582455,0.118400,587.000000,775.000000,79.000000
2,174954898.596500,0.659475,273.000000,273.158557,0.106800,587.000000,772.000000,64.000000
2,174954904.140400,0.530073,259.000000,258.018553,0.105300,587.000000,770.000000,52.000000
2,174954910.126800,0.418914,245.000000,245.012919,0.202300,587.000000,767.000000,41.000000
2,174954914.604900,0.332157,236.000000,234.862329,0.105300,587.000000,766.000000,33.000000
2,174954919.658500,0.258230,227.000000,226.212924,0.100800,587.000000,764.000000,26.000000
2,174954925.169500,0.190828,219.000000,218.326844,0.101800,587.000000,763.000000,19.000000
2,174954930.612300,0.136238,213.000000,211.939896,0.098800,587.000000,762.000000,14.000000
2,174954936.140900,0.093284,208.000000,206.914181,0.095400,587.000000,761.000000,10.000000
2,174954941.140100,0.062910,204.000000,203.360437,0.102400,587.000000,760.000000,7.000000
2,174954946.645300,0.038157,201.000000,200.464373,0.100800,587.000000,760.000000,4.000000
2,174954952.181600,0.020930,199.000000,198.448781,0.105300,587.000000,759.000000,3.000000
2,174954957.623100,0.009866,197.000000,197.154319,0.096600,587.000000,759.000000,1.000000
2,174954962.816800,0.003865,197.000000,196.452182,0.089200,587.000000,759.000000,1.000000
2,174954968.334800,0.000880,197.000000,196.102969,0.091100,587.000000,759.000000,1.000000
2,174954973.302000,0.000065,197.000000,196.007557,0.088000,587.000000,759.000000,1.000000
2,174954978.796500,0.000000,196.000000,196.000000,0.087900,587.000000,587.000000,0.000000
3,174955398.855600,0.000000,196.000000,196.000000,0.400100,587.000000,759.000000,0.000000
3,174955400.265700,0.035733,201.000000,200.180787,0.294200,587.000000,760.000000,4.000000
3,174955405.204400,0.162325,215.000000,214.992014,0.227600,587.000000,762.000000,16.000000
3,174955410.516700,0.278582,230.000000,228.594036,0.111500,587.000000,765.000000,28.000000
3,174955416.051100,0.383810,242.000000,240.905765,0.102900,587.000000,767.000000,38.000000
3,174955421.509800,0.478085,253.000000,251.936002,0.103000,587.000000,769.000000,47.000000
3,174955427.016500,0.562347,262.000000,261.794577,0.101000,587.000000,770.000000,55.000000
3,174955432.537800,0.636839,271.000000,270.510111,0.097400,587.000000,772.000000,62.000000
3,174955438.021200,0.702407,279.000000,278.181661,0.099100,587.000000,773.000000,69.000000
3,174955443.504300,0.759588,285.000000,284.871831,0.098300,587.000000,774.000000,74.000000
3,174955449.055500,0.808928,291.000000,290.644543,0.109500,587.000000,775.000000,79.000000
3,174955454.517200,0.851007,296.000000,295.567831,0.110700,587.000000,776.000000,83.000000
3,174955460.345300,0.886682,301.000000,299.741812,0.141800,587.000000,777.000000,87.000000
3,174955465.558900,0.915709,303.000000,303.137920,0.111300,587.000000,777.000000,89.000000
3,174955471.005700,0.939463,307.000000,305.917145,0.106800,587.000000,778.000000,92.000000
3,174955476.524300,0.958297,308.000000,308.120702,0.112100,587.000000,778.000000,93.000000
3,174955482.048800,0.972737,310.000000,309.810286,0.105000,587.000000,778.000000,95.000000
3,174955487.533300,0.983395,312.000000,311.057220,0.106500,587.000000,779.000000,96.000000
3,174955493.016200,0.990835,313.000000,311.927752,0.106800,587.000000,779.000000,97.000000
3,174955498.548800,0.995631,313.000000,312.488880,0.103700,587.000000,779.000000,97.000000
3,174955504.033600,0.998372,313.000000,312.809554,0.107600,587.000000,779.000000,97.000000
3,174955509.508700,0.999630,313.000000,312.956686,0.101600,587.000000,779.000000,97.000000
3,174955515.118700,0.999983,313.000000,312.997957,0.101600,587.000000,779.000000,97.000000
3,174955520.594800,1.000000,313.000000,313.000000,0.103100,587.000000,779.000000,97.000000
4,174955909.375200,1.000000,313.000000,313.000000,0.269200,587.000000,779.000000,97.000000
4,174955910.402400,0.966654,309.000000,309.098560,0.147200,587.000000,778.000000,94.000000
4,174955915.568500,0.802289,290.000000,289.867786,0.209500,587.000000,775.000000,78.000000
4,174955921.039600,0.654271,273.000000,272.549701,0.196900,587.000000,772.000000,64.000000
4,174955926.411100,0.525938,259.000000,257.534736,0.100800,587.000000,770.000000,52.000000
4,174955931.856700,0.415391,245.000000,244.600747,0.097000,587.000000,767.000000,41.000000
4,174955937.011800,0.328968,235.000000,234.489241,0.184600,587.000000,766.000000,32.000000
4,174955941.962900,0.255435,226.000000,225.885950,0.104200,587.000000,764.000000,25.000000
4,174955947.415500,0.188460,219.000000,218.049814,0.102000,587.000000,763.000000,19.000000
4,174955953.070200,0.134419,213.000000,211.727000,0.180100,587.000000,762.000000,14.000000
4,174955958.454400,0.091870,207.000000,206.748734,0.100700,587.000000,761.000000,9.000000
4,174955963.455000,0.061830,203.000000,203.234087,0.098000,587.000000,760.000000,6.000000
4,174955969.076100,0.037319,201.000000,200.366307,0.178600,587.000000,760.000000,4.000000
4,174955974.519200,0.020382,198.000000,198.384748,0.117000,587.000000,759.000000,2.000000
4,174955980.062300,0.009519,197.000000,197.113757,0.165600,587.000000,759.000000,1.000000
4,174955985.508500,0.003426,197.000000,196.400846,0.114600,587.000000,759.000000,1.000000
4,174955990.975500,0.000725,197.000000,196.084801,0.098200,587.000000,759.000000,1.000000
4,174955996.421000,0.000024,197.000000,196.002750,0.089700,587.000000,759.000000,1.000000
4,174956002.304800,0.000000,196.000000,196.000000,0.107400,587.000000,587.000000,0.000000
5,174956421.267400,0.000000,196.000000,196.000000,0.403200,587.000000,759.000000,0.000000
5,174956422.349400,0.032509,201.000000,199.803521,0.275500,587.000000,760.000000,4.000000
5,174956426.961600,0.150184,214.000000,213.571490,0.115100,587.000000,762.000000,15.000000
5,174956432.450800,0.267731,227.000000,227.324507,0.104700,587.000000,764.000000,26.000000
5,174956437.979800,0.373842,240.000000,239.739476,0.100200,587.000000,766.000000,37.000000
5,174956443.444400,0.469179,251.000000,250.893916,0.106900,587.000000,768.000000,46.000000
5,174956448.935600,0.554335,261.000000,260.857188,0.099700,587.000000,770.000000,54.000000
5,174956454.473400,0.629818,271.000000,269.688667,0.098900,587.000000,772.000000,62.000000
5,174956460.167300,0.696646,278.000000,277.507600,0.196300,587.000000,773.000000,68.000000
5,174956465.661700,0.754525,285.000000,284.279419,0.195400,587.000000,774.000000,74.000000
5,174956471.019200,0.804609,291.000000,290.139309,0.112200,587.000000,775.000000,79.000000
5,174956476.477000,0.847333,296.000000,295.137942,0.114300,587.000000,776.000000,83.000000
5,174956482.362200,0.883841,300.000000,299.409408,0.106400,587.000000,777.000000,86.000000
5,174956487.523900,0.913212,303.000000,302.845832,0.109700,587.000000,777.000000,89.000000
5,174956492.531200,0.935694,306.000000,305.476140,0.104600,587.000000,778.000000,91.000000
5,174956498.041100,0.955381,308.000000,307.779546,0.106600,587.000000,778.000000,93.000000
5,174956503.582400,0.970524,310.000000,309.551261,0.113600,587.000000,778.000000,95.000000
5,174956509.219900,0.981810,312.000000,310.871725,0.206500,587.000000,779.000000,96.000000
5,174956514.548200,0.989751,313.000000,311.800830,0.102800,587.000000,779.000000,97.000000
5,174956519.849000,0.994621,313.000000,312.370710,0.212700,587.000000,779.000000,97.000000
5,174956525.227800,0.997842,313.000000,312.747530,0.177200,587.000000,779.000000,97.000000
5,174956530.709400,0.999418,313.000000,312.931943,0.124800,587.000000,779.000000,97.000000
5,174956536.111300,0.999946,313.000000,312.993724,0.101000,587.000000,779.000000,97.000000
5,174956541.085500,1.000000,313.000000,313.000000,0.101500,587.000000,779.000000,97.000000
6,174956932.166100,1.000000,313.000000,313.000000,0.287600,587.000000,779.000000,97.000000
6,174956933.384100,0.950120,308.000000,307.164016,0.180400,587.000000,778.000000,93.000000
6,174956938.204400,0.794583,290.000000,288.966228,0.204200,587.000000,775.000000,78.000000
6,174956943.756400,0.647334,272.000000,271.738117,0.215600,587.000000,772.000000,63.000000
6,174956950.079200,0.507431,256.000000,255.369458,0.289600,587.000000,769.000000,50.000000
6,174956955.413600,0.400580,243.000000,242.867855,0.288000,587.000000,767.000000,39.000000
6,174956960.692400,0.309234,232.000000,232.180405,0.160900,587.000000,765.000000,30.000000
6,174956966.214300,0.232495,224.000000,223.201906,0.153100,587.000000,764.000000,23.000000
6,174956971.607900,0.169966,216.000000,215.886022,0.141200,587.000000,762.000000,17.000000
6,174956977.115000,0.119592,210.000000,209.992217,0.137700,587.000000,761.000000,12.000000
6,174956982.698500,0.080434,206.000000,205.410832,0.158200,587.000000,761.000000,8.000000
6,174956988.121800,0.050882,202.000000,201.953190,0.158800,587.000000,760.000000,5.000000
6,174956993.567200,0.029647,200.000000,199.468746,0.126100,587.000000,760.000000,3.000000
6,174956999.231700,0.015316,198.000000,197.791998,0.181600,587.000000,759.000000,2.000000
6,174957004.589200,0.006559,197.000000,196.767353,0.126800,587.000000,759.000000,1.000000
6,174957010.070500,0.002002,197.000000,196.234236,0.099800,587.000000,759.000000,1.000000
6,174957015.621000,0.000276,197.000000,196.032245,0.099100,587.000000,759.000000,1.000000
6,174957021.221100,0.000000,197.000000,196.000007,0.180300,587.000000,759.000000,1.000000
6,174957026.635500,0.000000,196.000000,196.000000,0.167300,587.000000,587.000000,0.000000
7,174957443.376800,0.000000,196.000000,196.000000,0.393100,587.000000,759.000000,0.000000
7,174957444.407900,0.039406,201.000000,200.610473,0.276800,587.000000,760.000000,4.000000
7,174957449.571200,0.166711,216.000000,215.505241,0.134700,587.000000,762.000000,17.000000
7,174957455.211200,0.282999,230.000000,229.110825,0.181200,587.000000,765.000000,28.000000
7,174957460.738700,0.387748,242.000000,241.366513,0.181100,587.000000,767.000000,38.000000
7,174957466.094800,0.481859,253.000000,252.377482,0.107800,587.000000,769.000000,47.000000
7,174957471.587200,0.565479,262.000000,262.161097,0.132700,587.000000,770.000000,55.000000
7,174957477.106200,0.639744,272.000000,270.850004,0.117900,587.000000,772.000000,63.000000
7,174957482.684000,0.705141,279.000000,278.501540,0.171300,587.000000,773.000000,69.000000
7,174957487.883100,0.760044,285.000000,284.925173,0.119100,587.000000,774.000000,74.000000
7,174957493.595000,0.809480,291.000000,290.709106,0.215500,587.000000,775.000000,79.000000
7,174957498.909700,0.851405,296.000000,295.614402,0.107200,587.000000,776.000000,83.000000
7,174957504.377000,0.886737,301.000000,299.748179,0.108100,587.000000,777.000000,87.000000
7,174957510.119000,0.916039,303.000000,303.176506,0.211100,587.000000,777.000000,89.000000
7,174957515.386100,0.939732,307.000000,305.948667,0.104700,587.000000,778.000000,92.000000
7,174957520.881000,0.958473,308.000000,308.141358,0.108200,587.000000,778.000000,93.000000
7,174957525.950400,0.971830,310.000000,309.704097,0.102500,587.000000,778.000000,95.000000
7,174957531.411900,0.982740,312.000000,310.980634,0.099000,587.000000,779.000000,96.000000
7,174957536.919600,0.990394,313.000000,311.876077,0.102300,587.000000,779.000000,97.000000
7,174957542.456600,0.995362,313.000000,312.457408,0.096000,587.000000,779.000000,97.000000
7,174957547.920500,0.998235,313.000000,312.793459,0.099800,587.000000,779.000000,97.000000
7,174957553.421400,0.999578,313.000000,312.950654,0.096200,587.000000,779.000000,97.000000
7,174957558.961500,0.999975,313.000000,312.997092,0.099500,587.000000,779.000000,97.000000
7,174957563.938500,1.000000,313.000000,313.000000,0.096100,587.000000,779.000000,97.000000
8,174957954.218000,1.000000,313.000000,313.000000,0.284500,587.000000,779.000000,97.000000
8,174957955.565000,0.959007,309.000000,308.203773,0.288500,587.000000,778.000000,94.000000
8,174957960.587800,0.795587,290.000000,289.083707,0.276300,587.000000,775.000000,78.000000
8,174957965.807300,0.648630,272.000000,271.889685,0.125500,587.000000,772.000000,63.000000
8,174957970.924100,0.530755,259.000000,258.098284,0.147700,587.000000,770.000000,52.000000
8,174957976.416600,0.419384,245.000000,245.067963,0.132800,587.000000,767.000000,41.000000
8,174957981.829100,0.324924,234.000000,234.016152,0.124700,587.000000,765.000000,32.000000
8,174957987.346300,0.245793,225.000000,224.757755,0.115400,587.000000,764.000000,24.000000
8,174957992.819200,0.180640,218.000000,217.134880,0.109500,587.000000,763.000000,18.000000
8,174957998.290700,0.128160,212.000000,210.994771,0.100100,587.000000,762.000000,13.000000
8,174958003.967300,0.086968,207.000000,206.175226,0.189600,587.000000,761.000000,9.000000
8,174958009.281100,0.055726,203.000000,202.519992,0.097900,587.000000,760.000000,6.000000
8,174958015.018400,0.033027,201.000000,199.864167,0.102200,587.000000,760.000000,4.000000
8,174958020.576700,0.017508,198.000000,198.048467,0.141600,587.000000,759.000000,2.000000
8,174958025.823300,0.007834,197.000000,196.916574,0.124900,587.000000,759.000000,1.000000
8,174958031.312900,0.002595,197.000000,196.303638,0.110800,587.000000,759.000000,1.000000
8,174958036.943300,0.000445,197.000000,196.052009,0.185800,587.000000,759.000000,1.000000
8,174958042.292200,0.000003,197.000000,196.000408,0.094300,587.000000,759.000000,1.000000
8,174958047.790300,0.000000,196.000000,196.000000,0.094000,587.000000,587.000000,0.000000
9,174958465.362400,0.000000,196.000000,196.000000,0.424800,587.000000,759.000000,0.000000
9,174958466.585300,0.031875,201.000000,199.729398,0.354400,587.000000,760.000000,4.000000
9,174958471.613800,0.160718,215.000000,214.803970,0.116600,587.000000,762.000000,16.000000
9,174958477.233900,0.277354,229.000000,228.450432,0.114900,587.000000,765.000000,27.000000
9,174958482.688300,0.382335,242.000000,240.733217,0.180900,587.000000,767.000000,38.000000
9,174958488.065600,0.476739,253.000000,251.778490,0.106600,587.000000,769.000000,47.000000
9,174958493.576700,0.561287,262.000000,261.670549,0.107300,587.000000,770.000000,55.000000
9,174958499.243700,0.636087,271.000000,270.422207,0.168900,587.000000,772.000000,62.000000
9,174958505.034200,0.701633,279.000000,278.091100,0.131800,587.000000,773.000000,69.000000
9,174958510.238900,0.758866,285.000000,284.787268,0.206500,587.000000,774.000000,74.000000
9,174958515.651400,0.808365,291.000000,290.578690,0.120900,587.000000,775.000000,79.000000
9,174958521.077600,0.850449,296.000000,295.502480,0.120300,587.000000,776.000000,83.000000
9,174958526.571400,0.885938,300.000000,299.654703,0.115600,587.000000,777.000000,86.000000
9,174958532.280500,0.915366,303.000000,303.097772,0.215300,587.000000,777.000000,89.000000
9,174958537.768200,0.939205,307.000000,305.887026,0.219400,587.000000,778.000000,92.000000
9,174958543.149100,0.958055,308.000000,308.092472,0.157800,587.000000,778.000000,93.000000
9,174958548.635000,0.972565,310.000000,309.790160,0.125700,587.000000,778.000000,95.000000
9,174958554.210900,0.983293,312.000000,311.045239,0.180800,587.000000,779.000000,96.000000
9,174958559.701800,0.990746,313.000000,311.917326,0.200000,587.000000,779.000000,97.000000
9,174958565.435000,0.995593,313.000000,312.484361,0.183500,587.000000,779.000000,97.000000
9,174958570.607200,0.998349,313.000000,312.806827,0.122000,587.000000,779.000000,97.000000
9,174958576.097000,0.999620,313.000000,312.955563,0.123500,587.000000,779.000000,97.000000
9,174958581.645000,0.999981,313.000000,312.997810,0.129300,587.000000,779.000000,97.000000
9,174958587.062100,1.000000,313.000000,313.000000,0.110900,587.000000,779.000000,97.000000
10,174958976.270300,1.000000,313.000000,313.000000,0.275300,587.000000,779.000000,97.000000
10,174958977.155400,0.962934,309.000000,308.663315,0.137200,587.000000,778.000000,94.000000
10,174958982.005800,0.807350,291.000000,290.459996,0.127300,587.000000,775.000000,79.000000
10,174958987.006100,0.670800,275.000000,274.483617,0.113400,587.000000,772.000000,66.000000
10,174958992.542500,0.539899,260.000000,259.168168,0.108200,587.000000,770.000000,53.000000
10,174958997.982600,0.427313,247.000000,245.995645,0.099500,587.000000,768.000000,42.000000
10,174959003.485800,0.331514,236.000000,234.787183,0.102900,587.000000,766.000000,33.000000
10,174959009.033900,0.251167,226.000000,225.386494,0.104600,587.000000,764.000000,25.000000
10,174959014.479400,0.185068,218.000000,217.653013,0.098700,587.000000,763.000000,18.000000
10,174959020.165500,0.131578,212.000000,211.394621,0.196100,587.000000,762.000000,13.000000
10,174959025.555800,0.089688,207.000000,206.493510,0.115800,587.000000,761.000000,9.000000
10,174959030.997700,0.057752,203.000000,202.756946,0.113700,587.000000,760.000000,6.000000
10,174959036.502400,0.034465,201.000000,200.032436,0.106900,587.000000,760.000000,4.000000
10,174959042.043000,0.018466,198.000000,198.160472,0.101700,587.000000,759.000000,2.000000
10,174959047.478900,0.008391,197.000000,196.981715,0.098600,587.000000,759.000000,1.000000
10,174959053.263700,0.002834,197.000000,196.331611,0.102400,587.000000,759.000000,1.000000
10,174959058.513600,0.000531,197.000000,196.062140,0.091600,587.000000,759.000000,1.000000
10,174959063.970000,0.000008,197.000000,196.000920,0.089800,587.000000,759.000000,1.000000
10,174959069.466900,0.000000,196.000000,196.000000,0.091800,587.000000,587.000000,0.000000
11,174959487.950200,0.000000,196.000000,196.000000,0.404000,587.000000,759.000000,0.000000
11,174959488.977500,0.032404,201.000000,199.791217,0.271400,587.000000,760.000000,4.000000
11,174959494.077800,0.158741,215.000000,214.572683,0.117200,587.000000,762.000000,16.000000
11,174959499.533000,0.275438,229.000000,228.226230,0.113200,587.000000,765.000000,27.000000
11,174959504.606900,0.371999,240.000000,239.523900,0.121700,587.000000,766.000000,37.000000
11,174959510.287400,0.467760,251.000000,250.727895,0.217500,587.000000,768.000000,46.000000
11,174959515.560400,0.553148,261.000000,260.718313,0.105300,587.000000,770.000000,54.000000
11,174959520.638500,0.622539,269.000000,268.837005,0.104100,587.000000,771.000000,61.000000
11,174959526.068200,0.689864,277.000000,276.714044,0.100300,587.000000,773.000000,67.000000
11,174959531.561500,0.748694,284.000000,283.597163,0.096000,587.000000,774.000000,73.000000
11,174959537.113200,0.799592,290.000000,289.552280,0.103300,587.000000,775.000000,78.000000
11,174959542.586900,0.843141,295.000000,294.647499,0.112500,587.000000,776.000000,82.000000
11,174959547.594800,0.876819,300.000000,298.587853,0.108400,587.000000,777.000000,86.000000
11,174959553.138300,0.907851,303.000000,302.218516,0.109600,587.000000,777.000000,89.000000
11,174959558.590500,0.933121,306.000000,305.175118,0.107200,587.000000,778.000000,91.000000
11,174959564.091100,0.953315,308.000000,307.537836,0.107400,587.000000,778.000000,93.000000
11,174959569.675100,0.968985,309.000000,309.371199,0.110000,587.000000,778.000000,94.000000
11,174959575.102400,0.980675,312.000000,310.738945,0.114400,587.000000,779.000000,96.000000
11,174959580.789200,0.989039,312.000000,311.717563,0.104400,587.000000,779.000000,96.000000
11,174959586.177500,0.994486,313.000000,312.354845,0.118200,587.000000,779.000000,97.000000
11,174959591.600800,0.997757,313.000000,312.737536,0.112700,587.000000,779.000000,97.000000
11,174959597.105700,0.999385,313.000000,312.927996,0.109600,587.000000,779.000000,97.000000
11,174959602.625700,0.999940,313.000000,312.992929,0.104900,587.000000,779.000000,97.000000
11,174959607.596800,1.000000,313.000000,313.000000,0.101700,587.000000,779.000000,97.000000
12,174959999.401400,1.000000,313.000000,313.000000,0.408500,587.000000,779.000000,97.000000
12,174960000.383900,0.958132,308.000000,308.101399,0.151600,587.000000,778.000000,93.000000
12,174960005.531300,0.792007,289.000000,288.664767,0.110600,587.000000,775.000000,77.000000
12,174960010.999800,0.645381,272.000000,271.509546,0.101500,587.000000,772.000000,63.000000
12,174960016.627000,0.517732,257.000000,256.574668,0.125100,587.000000,769.000000,51.000000
12,174960022.055200,0.408342,244.000000,243.776053,0.109000,587.000000,767.000000,40.000000
12,174960027.694400,0.315433,233.000000,232.905706,0.190200,587.000000,765.000000,31.000000
12,174960033.215100,0.237894,225.000000,223.833586,0.188100,587.000000,764.000000,24.000000
12,174960038.610300,0.174318,216.000000,216.395180,0.173100,587.000000,762.000000,17.000000
12,174960043.694000,0.127119,212.000000,210.872965,0.199100,587.000000,762.000000,13.000000
12,174960049.091700,0.086232,207.000000,206.089117,0.120900,587.000000,761.000000,9.000000
12,174960054.550900,0.055139,203.000000,202.451274,0.119500,587.000000,760.000000,6.000000
12,174960060.046500,0.032632,201.000000,199.817904,0.111100,587.000000,760.000000,4.000000
13,174960061.023500,0.032632,201.000000,199.817904,0.168600,587.000000,760.000000,4.000000
13,174960065.575000,0.142573,213.000000,212.681074,0.101100,587.000000,762.000000,14.000000
13,174960070.907200,0.257395,226.000000,226.115222,0.097800,587.000000,764.000000,25.000000
13,174960076.438800,0.355901,238.000000,237.640362,0.095900,587.000000,766.000000,35.000000
13,174960081.458600,0.450850,249.000000,248.749486,0.097500,587.000000,768.000000,44.000000
13,174960086.909900,0.536989,260.000000,258.827738,0.096300,587.000000,770.000000,53.000000
13,174960092.439000,0.613749,268.000000,267.808615,0.099200,587.000000,771.000000,60.000000
13,174960097.955800,0.681410,277.000000,275.724958,0.104300,587.000000,773.000000,67.000000
13,174960102.931700,0.735879,283.000000,282.097892,0.098900,587.000000,774.000000,72.000000
13,174960108.337300,0.787150,289.000000,288.096567,0.099000,587.000000,775.000000,77.000000
13,174960113.951400,0.832048,294.000000,293.349623,0.113200,587.000000,776.000000,81.000000
13,174960119.359900,0.870144,298.000000,297.806877,0.104400,587.000000,776.000000,85.000000
14,174960125.128800,0.870144,298.000000,297.806877,0.184200,587.000000,776.000000,85.000000
14,174960125.831300,0.783651,289.000000,287.687118,0.095900,587.000000,775.000000,77.000000
14,174960130.900400,0.651636,273.000000,272.241406,0.106500,587.000000,772.000000,64.000000
14,174960136.366400,0.528702,259.000000,257.858102,0.111400,587.000000,770.000000,52.000000
14,174960141.855800,0.422426,245.000000,245.423795,0.111700,587.000000,767.000000,41.000000
14,174960147.386600,0.331352,236.000000,234.768197,0.103700,587.000000,766.000000,33.000000
14,174960152.857300,0.254388,226.000000,225.763341,0.099500,587.000000,764.000000,25.000000
14,174960158.569000,0.190158,219.000000,218.248454,0.216200,587.000000,763.000000,19.000000
14,174960163.897500,0.138123,213.000000,212.160404,0.102300,587.000000,762.000000,14.000000
14,174960170.106700,0.096236,208.000000,207.259652,0.116200,587.000000,761.000000,10.000000
14,174960174.681600,0.064958,204.000000,203.600102,0.102100,587.000000,760.000000,7.000000
14,174960180.323100,0.040604,201.000000,200.750693,0.110600,587.000000,760.000000,4.000000
15,174960184.697900,0.040604,201.000000,200.750693,0.171500,587.000000,760.000000,4.000000
15,174960185.692100,0.069454,204.000000,204.126135,0.104000,587.000000,760.000000,7.000000
15,174960191.169000,0.192795,219.000000,218.556993,0.098400,587.000000,763.000000,19.000000
15,174960196.436200,0.299563,232.000000,231.048814,0.098400,587.000000,765.000000,30.000000
15,174960201.459900,0.393082,243.000000,241.990569,0.114300,587.000000,767.000000,39.000000
15,174960207.043300,0.485314,254.000000,252.781684,0.133200,587.000000,769.000000,48.000000
15,174960212.559100,0.567538,263.000000,262.401963,0.126000,587.000000,770.000000,56.000000
15,174960217.966600,0.640549,272.000000,270.944254,0.112700,587.000000,772.000000,63.000000
15,174960223.019100,0.699589,278.000000,277.851908,0.146000,587.000000,773.000000,68.000000
15,174960228.064300,0.751765,284.000000,283.956534,0.107600,587.000000,774.000000,73.000000
15,174960233.345200,0.800201,290.000000,289.623566,0.111800,587.000000,775.000000,78.000000
15,174960238.836300,0.843011,295.000000,294.632234,0.113600,587.000000,776.000000,82.000000
15,174960244.443800,0.879261,300.000000,298.873560,0.112000,587.000000,777.000000,86.000000
15,174960250.049100,0.909551,303.000000,302.417456,0.208400,587.000000,777.000000,89.000000
15,174960255.572700,0.934265,306.000000,305.309007,0.217600,587.000000,778.000000,91.000000
15,174960260.876000,0.953351,308.000000,307.542014,0.217200,587.000000,778.000000,93.000000
15,174960266.227800,0.968829,309.000000,309.352962,0.109000,587.000000,778.000000,94.000000
15,174960271.693600,0.980405,312.000000,310.707354,0.122600,587.000000,779.000000,96.000000
15,174960277.218200,0.988704,312.000000,311.678343,0.112100,587.000000,779.000000,96.000000
15,174960282.188700,0.993861,313.000000,312.281788,0.109600,587.000000,779.000000,97.000000
15,174960287.204300,0.997145,313.000000,312.665944,0.105800,587.000000,779.000000,97.000000
15,174960292.662500,0.999020,313.000000,312.885282,0.105400,587.000000,779.000000,97.000000
15,174960297.887800,0.999831,313.000000,312.980271,0.191600,587.000000,779.000000,97.000000
15,174960303.222400,0.999999,313.000000,312.999881,0.098300,587.000000,779.000000,97.000000
15,174960308.755700,1.000000,313.000000,313.000000,0.101500,587.000000,779.000000,97.000000
