"round","load","requested","scene","backend","device","reason","vsync","backend_changes","elapsed_ms","cpu_ms","cpu_percent","working_set_mib","private_mib","paint_count","paint_mean_ms","content_mean_ms","content_p95_ms","submit_mean_ms","blit_mean_ms","width","height","dpi_scale"
"1","medium","cpu","idle","raster","","disabled-by-environment","0","0","5004.9276","0","0","51.957031","31.847656","0","0","0","0","0","0","1320","900","1"
"1","medium","gpu","idle","opengl","NVIDIA GeForce RTX 5080/PCIe/SSE2","","1","0","4989.3797","0","0","80.140625","123.33984","0","0","0","0","0","0","1320","900","1"
"1","medium","cpu","table","raster","","disabled-by-environment","0","0","5002.7561","2296.875","1.434756","53.5","33.933594","300","7.8695977","7.078981","8.2851","0","0.46802833","1320","900","1"
"1","medium","gpu","table","opengl","NVIDIA GeForce RTX 5080/PCIe/SSE2","","1","0","5003.9899","265.625","0.16588325","157.20703","197.74219","300","0.94317933","0.436704","0.5969","0.21303367","0","1320","900","1"
"1","medium","cpu","chart","raster","","disabled-by-environment","0","0","4996.1313","4984.375","3.1176466","50.589844","32.9375","442","11.22871","10.454628","11.04","0","0.4882224","1320","900","1"
"1","medium","gpu","chart","opengl","NVIDIA GeForce RTX 5080/PCIe/SSE2","","1","0","5005.6084","2687.5","1.6778055","159.60938","206.75","910","2.6098353","1.8433499","2.0646","0.60872648","0","1320","900","1"
"1","medium","cpu","particles","raster","","disabled-by-environment","0","0","5017.197","5000","3.1142887","45.816406","27.578125","393","12.688612","11.893326","12.4028","0","0.50519109","1320","900","1"
"1","medium","gpu","particles","opengl","NVIDIA GeForce RTX 5080/PCIe/SSE2","","1","0","5005.5295","2109.375","1.316903","104.34375","152.12891","910","1.9670288","1.270364","1.5637","0.53349033","0","1320","900","1"
"2","medium","gpu","idle","opengl","NVIDIA GeForce RTX 5080/PCIe/SSE2","","1","0","5005.4495","0","0","79.816406","122.83984","0","0","0","0","0","0","1320","900","1"
"2","medium","cpu","idle","raster","","disabled-by-environment","0","0","5001.0116","0","0","51.390625","31.597656","0","0","0","0","0","0","1320","900","1"
"2","medium","gpu","table","opengl","NVIDIA GeForce RTX 5080/PCIe/SSE2","","1","0","5004.4344","468.75","0.29270915","102.23828","145.08594","300","0.93764933","0.43877367","0.5982","0.20768033","0","1320","900","1"
"2","medium","cpu","table","raster","","disabled-by-environment","0","0","5004.171","2578.125","1.6099851","53.441406","33.910156","300","7.667243","6.8953753","8.1407","0","0.453878","1320","900","1"
"2","medium","gpu","chart","opengl","NVIDIA GeForce RTX 5080/PCIe/SSE2","","1","0","4991.9077","2671.875","1.672629","103.60156","153.46094","908","2.6477857","1.8680576","2.1432","0.61115198","0","1320","900","1"
"2","medium","cpu","chart","raster","","disabled-by-environment","0","0","4999.5482","5000","3.1252824","50.355469","32.675781","422","11.758827","10.872134","12.1713","0","0.56145569","1320","900","1"
"2","medium","gpu","particles","opengl","NVIDIA GeForce RTX 5080/PCIe/SSE2","","1","0","5007.6298","2203.125","1.3748552","105.50781","152.58594","911","1.9427424","1.2671632","1.5999","0.5144753","0","1320","900","1"
"2","medium","cpu","particles","raster","","disabled-by-environment","0","0","5008.5596","5000","3.1196594","45.9375","27.679688","389","12.805538","12.065186","12.3682","0","0.45857789","1320","900","1"
"3","medium","cpu","idle","raster","","disabled-by-environment","0","0","5005.7374","0","0","51.449219","31.675781","0","0","0","0","0","0","1320","900","1"
"3","medium","gpu","idle","opengl","NVIDIA GeForce RTX 5080/PCIe/SSE2","","1","0","5006.449","0","0","80.160156","122.48047","0","0","0","0","0","0","1320","900","1"
"3","medium","cpu","table","raster","","disabled-by-environment","0","0","5002.5728","2281.25","1.425048","53.546875","34.003906","300","7.312741","6.6684317","7.8703","0","0.37357767","1320","900","1"
"3","medium","gpu","table","opengl","NVIDIA GeForce RTX 5080/PCIe/SSE2","","1","0","4988.3163","437.5","0.27407795","102.11328","145.10547","300","0.954543","0.37242667","0.5132","0.18048067","0","1320","900","1"
"3","medium","cpu","chart","raster","","disabled-by-environment","0","0","4988.8065","4984.375","3.1222241","49.46875","32.035156","450","11.011618","10.30456","10.8959","0","0.42880733","1320","900","1"
"3","medium","gpu","chart","opengl","NVIDIA GeForce RTX 5080/PCIe/SSE2","","1","0","5004.7993","2375","1.4829516","103.20703","151.64062","911","2.4734685","1.766251","2.0772","0.54734523","0","1320","900","1"
"3","medium","cpu","particles","raster","","disabled-by-environment","0","0","5009.8874","5000","3.1188326","46.273438","28.117188","410","12.150546","11.47562","11.8004","0","0.40665829","1320","900","1"
"3","medium","gpu","particles","opengl","NVIDIA GeForce RTX 5080/PCIe/SSE2","","1","0","4989.0502","1703.125","1.0667894","104.58594","152.09766","908","1.8128923","1.183604","1.4461","0.47894593","0","1320","900","1"
