seconds,interval_s,backend,backend_changes,paint_count,paint_mean_ms,content_mean_ms,submit_mean_ms,cpu_percent,working_set_mib,private_mib,gpu_cache_mib,handles,gdi_objects,user_objects,mesh_draws,mesh_fallbacks,width,height,dpi_scale
5.0585103,5.0585103,opengl,0,902,3.759866852,2.447688692,1.161574945,2.374556547,124.7265625,172.7578125,13.08557129,370,14,25,1804,0,1320,900,1
10.3282953,5.269785,opengl,0,958,3.817716807,2.518914614,1.150946973,2.418341664,127.0039062,175.203125,13.11682129,370,14,25,2087,0,1320,900,1
15.5978434,5.2695481,opengl,0,958,3.626141336,2.364558872,1.117244051,2.344321636,126.9570312,175.2109375,13.11682129,370,14,25,1916,0,1320,900,1
20.8678505,5.2700071,opengl,0,958,3.682008664,2.400715761,1.125768893,2.362648027,126.9570312,175.2421875,13.11682129,370,14,25,1916,0,1320,900,1
26.1374023,5.2695518,opengl,0,958,3.63143142,2.367162109,1.119397599,2.372118251,127.0078125,175.2421875,13.11682129,370,14,25,1916,0,1320,900,1
31.4074986,5.2700963,opengl,0,958,3.698599792,2.422283403,1.131442275,2.390403426,127.0234375,175.1953125,13.11682129,369,14,25,1916,0,1320,900,1
36.6775199,5.2700213,opengl,0,958,3.705823696,2.422759186,1.13392025,2.390437445,126.984375,175.1992188,13.11682129,369,14,25,1916,0,1320,900,1
41.9470198,5.2694999,opengl,0,958,3.62999144,2.363238309,1.123932985,2.270213654,126.9804688,175.1992188,13.11682129,369,14,25,1916,0,1320,900,1
47.216793,5.2697732,opengl,0,958,3.683524426,2.404703758,1.123340083,2.3349558,126.9375,175.1640625,13.11682129,369,14,25,1916,0,1320,900,1
52.4863094,5.2695164,opengl,0,958,3.64294833,2.383643528,1.115040606,2.372134187,126.9960938,175.1992188,13.11682129,369,14,25,1916,0,1320,900,1
57.7542185,5.2679091,opengl,0,957,3.762369697,2.463823824,1.14354723,2.35432,126.953125,175.1015625,13.11682129,369,14,25,1914,0,1320,900,1
63.0207686,5.2665501,opengl,0,958,3.686326305,2.407561064,1.132025991,2.39201299,126.9414062,175.1054688,13.11682129,369,14,25,1916,0,1320,900,1
68.2892904,5.2685218,opengl,0,957,3.667981191,2.394824765,1.123754336,2.32624251,126.890625,175.0625,13.11682129,367,14,25,1914,0,1320,900,1
73.5579758,5.2686854,opengl,0,958,3.648364196,2.382753236,1.116204176,2.252029391,127.2890625,175.9609375,13.11682129,367,14,25,1916,0,1320,900,1
78.8279646,5.2699888,opengl,0,957,3.701308777,2.408488715,1.135630721,2.381186868,126.9882812,175.9609375,13.11682129,367,14,25,1914,0,1320,900,1
84.0979757,5.2700111,opengl,0,958,3.729912944,2.438266492,1.132986534,2.362646233,127.3828125,175.890625,13.11682129,367,14,25,1916,0,1320,900,1
89.3674718,5.2694961,opengl,0,957,3.68987325,2.406620376,1.132590701,2.34434477,126.9726562,175.9609375,13.11682129,367,14,25,1914,0,1320,900,1
94.6369591,5.2694873,opengl,0,958,3.691847703,2.411588728,1.125211691,2.270219083,126.9453125,175.9609375,13.11682129,367,14,25,1916,0,1320,900,1
99.906975,5.2700159,opengl,0,958,3.757064196,2.447408246,1.14930261,2.45529679,126.953125,175.9609375,13.11682129,367,14,25,1916,0,1320,900,1
105.1770076,5.2700326,opengl,0,958,3.695076722,2.417511274,1.12918142,2.33484087,126.9882812,175.9609375,13.11682129,367,14,25,1916,0,1320,900,1
110.4470054,5.2699978,opengl,0,957,3.743785162,2.452128945,1.138282654,2.362652196,126.9882812,175.9609375,13.11682129,367,14,25,1914,0,1320,900,1
115.7160269,5.2690215,opengl,0,958,3.68383309,2.416099895,1.121182881,2.353822954,126.9726562,175.9609375,13.11682129,367,14,25,1916,0,1320,900,1
120.9855473,5.2695204,opengl,0,958,3.704399165,2.425083821,1.135132985,2.399930812,126.9414062,175.9257812,13.11682129,365,14,25,1916,0,1320,900,1
126.2550497,5.2695024,opengl,0,958,3.669544363,2.392659186,1.131507829,2.372140489,126.953125,175.9257812,13.11682129,365,14,25,1916,0,1320,900,1
131.5240554,5.2690057,opengl,0,958,3.69150167,2.413392694,1.133514822,2.381631154,126.9609375,175.8515625,13.11682129,361,14,24,1916,0,1320,900,1
136.7935446,5.2694892,opengl,0,958,3.750791023,2.452370355,1.143751461,2.492606992,126.9179688,175.8515625,13.11682129,361,14,24,1916,0,1320,900,1
142.0620563,5.2685117,opengl,0,958,3.690438831,2.414314718,1.123971085,2.279907388,125.0234375,172.953125,13.11682129,361,14,24,1916,0,1320,900,1
147.332046,5.2699897,opengl,0,958,3.707399061,2.432300209,1.128481628,2.362655827,126.9023438,175.8515625,13.11682129,361,14,24,1916,0,1320,900,1
152.6016063,5.2695603,opengl,0,958,3.669013883,2.411135491,1.111972756,2.344316209,127.2460938,175.8515625,13.11682129,361,14,24,1916,0,1320,900,1
157.8695753,5.267969,opengl,0,957,3.75155998,2.446578997,1.152513165,2.409906455,127.3867188,175.8515625,13.11682129,361,14,24,1914,0,1320,900,1
163.1390745,5.2694992,opengl,0,958,3.665811588,2.393023382,1.131746451,2.335077212,126.9140625,175.8515625,13.11682129,361,14,24,1916,0,1320,900,1
168.4080587,5.2689842,opengl,0,958,3.717998853,2.444066806,1.12333382,2.335305447,126.9023438,175.8515625,13.11682129,361,14,24,1916,0,1320,900,1
173.6780692,5.2700105,opengl,0,958,3.693148956,2.42284144,1.121066597,2.399707624,127.234375,175.8515625,13.11682129,361,14,24,1916,0,1320,900,1
178.9481823,5.2701131,opengl,0,958,3.704282882,2.421557829,1.132047912,2.390395806,127.3203125,175.7773438,13.11682129,361,14,24,1916,0,1320,900,1
184.2172803,5.269098,opengl,0,958,3.738845094,2.465143424,1.123249164,2.474258284,126.8945312,175.8515625,13.11682129,361,14,24,1916,0,1320,900,1
189.4873556,5.2700753,opengl,0,959,3.749144421,2.463826381,1.134517519,2.362617452,126.9140625,175.8515625,13.11682129,361,14,24,1918,0,1320,900,1
194.7573732,5.2700176,opengl,0,957,3.69765371,2.426106478,1.119091954,2.325582248,127.234375,175.8515625,13.11682129,361,14,24,1914,0,1320,900,1
200.0271978,5.2698246,opengl,0,958,3.758460334,2.45969666,1.142712213,2.446120313,124.9765625,172.8867188,13.11682129,361,14,24,1916,0,1320,900,1
205.2968441,5.2696463,opengl,0,959,3.714237539,2.443405214,1.121612305,2.372075712,127.6796875,175.84375,13.11682129,361,14,24,1918,0,1320,900,1
210.5653928,5.2685487,opengl,0,958,3.773882673,2.467656889,1.148218162,2.39110559,125.0273438,172.9492188,13.11682129,361,14,24,1916,0,1320,900,1
215.834921,5.2695282,opengl,0,957,3.729977951,2.439485058,1.136935528,2.409193389,126.9101562,175.8515625,13.11682129,361,14,24,1914,0,1320,900,1
221.1044412,5.2695202,opengl,0,958,3.742509708,2.457259395,1.138082568,2.381398619,125.015625,172.9375,13.11682129,361,14,24,1916,0,1320,900,1
226.3742017,5.2697605,opengl,0,957,3.721020272,2.429544932,1.126105016,2.483212947,127.2695312,175.8398438,13.11682129,361,14,24,1914,0,1320,900,1
231.6442139,5.2700122,opengl,0,958,3.713090605,2.44293476,1.12265261,2.436767959,127.2773438,175.8398438,13.11682129,361,14,24,1916,0,1320,900,1
236.914232,5.2700181,opengl,0,958,3.742765553,2.451957202,1.145659708,2.436765231,126.9140625,174.9414062,13.11682129,361,14,24,1916,0,1320,900,1
242.1838004,5.2695684,opengl,0,957,3.76742581,2.458571369,1.149650784,2.362844721,127.2617188,175.8515625,13.11682129,361,14,24,1914,0,1320,900,1
247.4537226,5.2699222,opengl,0,959,3.758248175,2.460150991,1.146653807,2.464605882,126.890625,174.953125,13.11682129,361,14,24,1918,0,1320,900,1
252.7232892,5.2695666,opengl,0,957,3.682254023,2.411362278,1.121665621,2.353579467,127.2578125,175.8515625,13.11682129,361,14,24,1914,0,1320,900,1
257.9932994,5.2700102,opengl,0,958,3.733765449,2.457346242,1.127826932,2.371911918,126.8984375,174.953125,13.11682129,361,14,24,1916,0,1320,900,1
263.2633629,5.2700635,opengl,0,959,3.701815851,2.429057248,1.1237683,2.33482718,126.8554688,174.9414062,13.11682129,361,14,24,1918,0,1320,900,1
268.532868,5.2695051,opengl,0,957,3.731654545,2.440839289,1.133992686,2.325808428,127.2460938,175.8398438,13.11682129,361,14,24,1914,0,1320,900,1
273.8029903,5.2701223,opengl,0,958,3.675234133,2.405882255,1.125673591,2.399656717,126.859375,174.953125,13.11682129,361,14,24,1916,0,1320,900,1
279.0729876,5.2699973,opengl,0,958,3.722912735,2.436487683,1.136933299,2.427509545,124.96875,172.890625,13.11682129,361,14,24,1916,0,1320,900,1
284.3430937,5.2701061,opengl,0,957,3.728921004,2.439991536,1.126021735,2.390398981,126.8867188,175.8515625,13.11682129,361,14,24,1914,0,1320,900,1
289.6131915,5.2700978,opengl,0,958,3.708145199,2.428865866,1.136699061,2.390402745,126.8984375,175.828125,13.11682129,361,14,24,1916,0,1320,900,1
294.8832244,5.2700329,opengl,0,959,3.709320959,2.437937957,1.126162669,2.344105978,126.8515625,174.953125,13.11682129,361,14,24,1918,0,1320,900,1
300.1528662,5.2696418,opengl,0,958,3.720790292,2.435551461,1.140555532,2.372077738,127.3125,175.9023438,13.11682129,361,14,24,1916,0,1320,900,1
305.4227003,5.2698341,opengl,0,957,3.713273145,2.434352039,1.130553187,2.371991179,127.2929688,175.9023438,13.11682129,361,14,24,1914,0,1320,900,1
310.6927475,5.2700472,opengl,0,959,3.736172367,2.450166111,1.137567153,2.436751776,127.2890625,175.9023438,13.11682129,361,14,24,1918,0,1320,900,1
315.9612518,5.2685043,opengl,0,957,3.696356322,2.423934587,1.13089394,2.372589883,126.953125,175.0039062,13.11682129,361,14,24,1914,0,1320,900,1
321.2307257,5.2694739,opengl,0,957,3.76972999,2.465893731,1.142481401,2.427750662,127.3007812,175.9023438,13.11682129,361,14,24,1914,0,1320,900,1
326.5007888,5.2700631,opengl,0,958,3.743098121,2.457257411,1.136636847,2.381153297,127.3085938,175.9023438,13.11682129,361,14,24,1916,0,1320,900,1
331.7708033,5.2700145,opengl,0,958,3.687325678,2.419618685,1.124563883,2.344114162,125.0585938,172.9726562,13.11682129,361,14,24,1916,0,1320,900,1
337.0402948,5.2694915,opengl,0,958,3.748010543,2.455938622,1.140825052,2.399943975,127.3203125,175.9023438,13.11682129,361,14,24,1916,0,1320,900,1
342.3092773,5.2689825,opengl,0,958,3.767702714,2.467463883,1.148203026,2.418709993,126.921875,175.0039062,13.11682129,361,14,24,1916,0,1320,900,1
347.5783216,5.2690443,opengl,0,958,3.726217849,2.43599666,1.138829332,2.409414645,126.9414062,175.0039062,13.11682129,361,14,24,1916,0,1320,900,1
352.8483163,5.2699947,opengl,0,958,3.685789353,2.410506889,1.130373487,2.464571976,125.0273438,172.9414062,13.11682129,361,14,24,1916,0,1320,900,1
358.118326,5.2700097,opengl,0,958,3.746037579,2.466222234,1.132597912,2.371912143,127.0859375,175.0742188,13.11682129,367,14,25,1916,0,1320,900,1
363.3878209,5.2694949,opengl,0,957,3.772847754,2.477094461,1.137187984,2.390676239,127.0546875,175.0742188,13.11682129,367,14,25,1914,0,1320,900,1
368.6573147,5.2694938,opengl,0,958,3.740439249,2.458338936,1.131425887,2.437007683,127.0625,175.0742188,13.11682129,367,14,25,1916,0,1320,900,1
373.9273177,5.270003,opengl,0,958,3.748279541,2.458585386,1.136055011,2.446037507,127.4570312,175.9726562,13.11682129,367,14,25,1916,0,1320,900,1
379.1973472,5.2700295,opengl,0,958,3.76294071,2.465198017,1.142964196,2.43675996,127.4570312,175.9726562,13.11682129,367,14,25,1916,0,1320,900,1
384.4673533,5.2700061,opengl,0,958,3.748319206,2.464704801,1.132414509,2.427505492,127.0976562,175.0820312,13.11682129,367,14,25,1916,0,1320,900,1
389.7368699,5.2695166,opengl,0,958,3.770739562,2.479601566,1.143550731,2.511126329,127.0898438,175.953125,13.11682129,367,14,25,1916,0,1320,900,1
395.0068928,5.2700229,opengl,0,958,3.731835804,2.460174426,1.122316701,2.427497753,127.0976562,175.9648438,13.11682129,367,14,25,1916,0,1320,900,1
400.2764821,5.2695893,opengl,0,957,3.732418286,2.451470011,1.133763846,2.446229538,127.0703125,175.9257812,13.11682129,367,14,25,1914,0,1320,900,1
405.54549,5.2690079,opengl,0,958,3.707575157,2.441271816,1.117877245,2.353829029,127.46875,175.9257812,13.11682129,367,14,25,1916,0,1320,900,1
410.8154502,5.2699602,opengl,0,957,3.793599268,2.49647325,1.139151097,2.418261266,127.5117188,175.9257812,13.11682129,367,14,25,1914,0,1320,900,1
416.0855051,5.2700549,opengl,0,958,3.746847808,2.462742381,1.130034446,2.381157002,127.3984375,175.9257812,13.11682129,367,14,25,1916,0,1320,900,1
421.3550151,5.26951,opengl,0,958,3.773139144,2.479514823,1.135871086,2.492597153,127.3828125,175.9257812,13.11682129,367,14,25,1916,0,1320,900,1
426.6249776,5.2699625,opengl,0,958,3.711210334,2.437124948,1.130708873,2.381198751,127.0742188,175.9140625,13.11682129,367,14,25,1916,0,1320,900,1
431.8949426,5.269965,opengl,0,959,3.69796048,2.43450584,1.125208029,2.325605459,127.0820312,175.9257812,13.11682129,367,14,25,1918,0,1320,900,1
437.1646306,5.269688,opengl,0,958,3.721693738,2.443822025,1.126688935,2.362791094,127.4648438,175.9257812,13.11682129,367,14,25,1916,0,1320,900,1
442.4339575,5.2693269,opengl,0,958,3.737256263,2.467133194,1.116216597,2.400018943,127.0742188,175.9140625,13.11682129,367,14,25,1916,0,1320,900,1
447.7041927,5.2702352,opengl,0,958,3.7513524,2.464416806,1.133104802,2.418135082,127.0703125,175.9140625,13.11682129,367,14,25,1916,0,1320,900,1
452.974318,5.2701253,opengl,0,958,3.710602714,2.44517808,1.115231419,2.381125194,127.0351562,175.9257812,13.11682129,367,14,25,1916,0,1320,900,1
458.2437391,5.2694211,opengl,0,958,3.747899791,2.458402818,1.139393841,2.474106572,127.078125,175.9257812,13.11682129,367,14,25,1916,0,1320,900,1
463.5137857,5.2700466,opengl,0,958,3.69042213,2.42201023,1.127755637,2.371895535,127.40625,175.9257812,13.11682129,367,14,25,1916,0,1320,900,1
468.783283,5.2694973,opengl,0,958,3.746915658,2.456390709,1.145318162,2.399941333,127.0039062,174.9453125,13.11682129,361,14,24,1916,0,1320,900,1
474.0530935,5.2698105,opengl,0,958,3.693145407,2.429805219,1.118057933,2.446126858,127.390625,175.8789062,13.11682129,361,14,24,1916,0,1320,900,1
479.3230174,5.2699239,opengl,0,958,3.734866284,2.455511586,1.132354697,2.399747058,127.0273438,174.9804688,13.11682129,361,14,24,1916,0,1320,900,1
484.5915171,5.2684997,opengl,0,956,3.7902,2.48036182,1.140406067,2.483807202,127.0273438,174.96875,13.11682129,361,14,24,1912,0,1320,900,1
489.8605257,5.2690086,opengl,0,958,3.782190188,2.490198748,1.140957308,2.437232096,127.0234375,174.96875,13.11682129,361,14,24,1916,0,1320,900,1
495.1305015,5.2699758,opengl,0,957,3.739901777,2.459353605,1.122492372,2.371927401,127.0234375,174.96875,13.11682129,361,14,24,1914,0,1320,900,1
500.4006022,5.2701007,opengl,0,959,3.73364807,2.454330031,1.133623566,2.39040143,127.0273438,174.9804688,13.11682129,361,14,24,1918,0,1320,900,1
505.6706131,5.2700109,opengl,0,958,3.744382464,2.468834656,1.123241441,2.399707442,127.3632812,175.8789062,13.11682129,361,14,24,1916,0,1320,900,1
510.940594,5.2699809,opengl,0,957,3.786314838,2.489531138,1.135090177,2.520170424,127.0273438,174.9804688,13.11682129,361,14,24,1914,0,1320,900,1
516.2105896,5.2699956,opengl,0,958,3.736137892,2.467674008,1.122189561,2.408979715,127.0234375,174.9804688,13.11682129,361,14,24,1916,0,1320,900,1
521.4802578,5.2696682,opengl,0,959,3.762520333,2.475752033,1.140883837,2.399863501,127.0234375,174.9804688,13.11682129,361,14,24,1918,0,1320,900,1
526.7500801,5.2698223,opengl,0,958,3.745856577,2.471052401,1.127920773,2.473918214,127.0195312,174.9804688,13.11682129,361,14,24,1916,0,1320,900,1
532.020094,5.2700139,opengl,0,958,3.762283821,2.474356784,1.135474217,2.390440801,127.0351562,175.8671875,13.11682129,361,14,24,1916,0,1320,900,1
537.2891518,5.2690578,opengl,0,958,3.764977453,2.473093737,1.135141963,2.437209338,127.0351562,175.8789062,13.11682129,361,14,24,1916,0,1320,900,1
542.5581687,5.2690169,opengl,0,958,3.736477453,2.460503757,1.129646763,2.298222843,127.3554688,175.8789062,13.11682129,361,14,24,1916,0,1320,900,1
547.8283035,5.2701348,opengl,0,958,3.765502297,2.470006159,1.142140501,2.418181149,127.0117188,174.96875,13.11682129,361,14,24,1916,0,1320,900,1
553.0965994,5.2682959,opengl,0,957,3.740798851,2.465366458,1.122894566,2.446830103,127.3867188,175.8789062,13.11682129,361,14,24,1914,0,1320,900,1
558.3651075,5.2685081,opengl,0,957,3.805417242,2.492216092,1.142179415,2.520874932,127.0273438,174.9804688,13.11682129,361,14,24,1914,0,1320,900,1
563.6351912,5.2700837,opengl,0,958,3.770763987,2.477131837,1.135100626,2.381143989,127.0273438,174.9804688,13.11682129,361,14,24,1916,0,1320,900,1
568.9046786,5.2694874,opengl,0,957,3.732570325,2.450864368,1.132193208,2.455543043,127.390625,175.8789062,13.11682129,361,14,24,1914,0,1320,900,1
574.1746983,5.2700197,opengl,0,958,3.73032547,2.446545407,1.131672547,2.39043817,127.390625,175.8789062,13.11682129,361,14,24,1916,0,1320,900,1
579.4443606,5.2696623,opengl,0,958,3.753403131,2.459715553,1.145157725,2.381334403,127.390625,175.8789062,13.11682129,361,14,24,1916,0,1320,900,1
584.7143322,5.2699716,opengl,0,958,3.742303757,2.465481003,1.129098121,2.45531743,127.0234375,174.9804688,13.11682129,361,14,24,1916,0,1320,900,1
589.9840745,5.2697423,opengl,0,958,3.770772025,2.484284968,1.138888101,2.409095507,127.0273438,174.9804688,13.11682129,361,14,24,1916,0,1320,900,1
595.2539496,5.2698751,opengl,0,958,3.735106994,2.457465448,1.128387056,2.371972725,127.390625,175.8789062,13.11682129,361,14,24,1916,0,1320,900,1
600.5239648,5.2700152,opengl,0,958,3.738446243,2.464491441,1.126508456,2.353379123,127.0664062,175.0195312,13.11682129,361,14,24,1916,0,1320,900,1
605.7934732,5.2695084,opengl,0,958,3.753544676,2.469496555,1.128930897,2.418468604,127.0742188,175.9179688,13.11682129,361,14,24,1916,0,1320,900,1
611.0629383,5.2694651,opengl,0,958,3.729109707,2.446432254,1.13542954,2.427754717,127.0664062,175.0195312,13.11682129,361,14,24,1916,0,1320,900,1
616.3329334,5.2699951,opengl,0,959,3.69174171,2.425819396,1.12453733,2.408979944,127.0625,175.0195312,13.11682129,361,14,24,1918,0,1320,900,1
621.6029384,5.270005,opengl,0,957,3.785246082,2.497828004,1.135091118,2.501628319,125.109375,172.9140625,13.11682129,361,14,24,1914,0,1320,900,1
626.872931,5.2699926,opengl,0,958,3.744386325,2.457474113,1.138471295,2.381185151,127.0625,175.0195312,13.11682129,361,14,24,1916,0,1320,900,1
632.1423204,5.2693894,opengl,0,958,3.761369624,2.482149269,1.129219833,2.464855084,127.0742188,175.9179688,13.11682129,361,14,24,1916,0,1320,900,1
637.4113719,5.2690515,opengl,0,958,3.801184343,2.505298435,1.137098017,2.455746186,127.0742188,175.9179688,13.11682129,361,14,24,1916,0,1320,900,1
642.6813541,5.2699822,opengl,0,958,3.758415344,2.489009394,1.123897599,2.455312491,127.4296875,175.9179688,13.11682129,361,14,24,1916,0,1320,900,1
647.9508393,5.2694852,opengl,0,958,3.751754175,2.467933717,1.13837526,2.43701166,127.0546875,175.0195312,13.11682129,361,14,24,1916,0,1320,900,1
653.220837,5.2699977,opengl,0,958,3.685524426,2.422060752,1.120685491,2.399713452,127.4335938,175.9179688,13.11682129,361,14,24,1916,0,1320,900,1
658.489872,5.269035,opengl,0,958,3.743534343,2.454745407,1.143459291,2.418685893,127.0664062,175.0078125,13.11682129,361,14,24,1916,0,1320,900,1
663.7595257,5.2696537,opengl,0,959,3.721669343,2.450460375,1.127920646,2.372072381,127.078125,175.9179688,13.11682129,361,14,24,1918,0,1320,900,1
669.0295217,5.269996,opengl,0,958,3.730570354,2.447572757,1.134800105,2.408979532,125.1484375,172.9414062,13.11682129,361,14,24,1916,0,1320,900,1
674.2993185,5.2697968,opengl,0,958,3.748847494,2.472294572,1.122471608,2.362742312,127.0429688,174.984375,13.11682129,361,14,24,1916,0,1320,900,1
679.5687967,5.2694782,opengl,0,958,3.745452505,2.468419102,1.136741336,2.437014897,127.0390625,174.984375,13.11682129,361,14,24,1916,0,1320,900,1
684.8389098,5.2701131,opengl,0,958,3.760188621,2.479486952,1.130581106,2.418191106,127.0429688,174.984375,13.11682129,361,14,24,1916,0,1320,900,1
690.1078724,5.2689626,opengl,0,958,3.738637891,2.454803654,1.140511796,2.45578762,127.0429688,174.984375,13.11682129,361,14,24,1916,0,1320,900,1
695.3779178,5.2700454,opengl,0,958,3.709644363,2.440515449,1.126377245,2.371896075,125.1484375,172.9414062,13.11682129,361,14,24,1916,0,1320,900,1
700.6479541,5.2700363,opengl,0,959,3.73195099,2.449786027,1.140382482,2.436756816,127.0429688,174.984375,13.11682129,361,14,24,1918,0,1320,900,1
705.9174531,5.269499,opengl,0,958,3.746524635,2.479052923,1.121965553,2.437005278,125.0859375,172.8789062,13.11682129,361,14,24,1916,0,1320,900,1
711.1874928,5.2700397,opengl,0,958,3.786490292,2.499466075,1.139952401,2.455285702,127.40625,175.8828125,13.11682129,361,14,24,1916,0,1320,900,1
716.4569693,5.2694765,opengl,0,957,3.745322257,2.471195193,1.123806479,2.381418368,127.0390625,174.9726562,13.11682129,361,14,24,1914,0,1320,900,1
721.7267545,5.2697852,opengl,0,958,3.791637892,2.496729332,1.142093945,2.464669955,127.0429688,174.9726562,13.11682129,361,14,24,1916,0,1320,900,1
726.9962826,5.2695281,opengl,0,958,3.758805011,2.477906994,1.128834134,2.316532148,127.0429688,174.984375,13.11682129,361,14,24,1916,0,1320,900,1
732.2663074,5.2700248,opengl,0,958,3.703294677,2.433445303,1.122983194,2.297783305,127.40625,175.8828125,13.11682129,361,14,24,1916,0,1320,900,1
737.5357913,5.2694839,opengl,0,957,3.765673146,2.472006584,1.134297283,2.372148817,125.125,172.9023438,13.11682129,361,14,24,1914,0,1320,900,1
742.8052923,5.269501,opengl,0,958,3.753816702,2.475731942,1.12572787,2.418472,127.0429688,174.96875,13.11682129,361,14,24,1916,0,1320,900,1
748.0748577,5.2695654,opengl,0,958,3.756430272,2.473587996,1.132649896,2.455506696,127.0351562,174.96875,13.11682129,361,14,24,1916,0,1320,900,1
753.3438681,5.2690104,opengl,0,958,3.757908976,2.474246034,1.133709186,2.465032381,127.0429688,174.9804688,13.11682129,361,14,24,1916,0,1320,900,1
758.6138557,5.2699876,opengl,0,957,3.761958934,2.477919645,1.129381505,2.446044655,127.0507812,175.8789062,13.11682129,361,14,24,1914,0,1320,900,1
763.883887,5.2700313,opengl,0,958,3.743775574,2.477549687,1.118120563,2.399698153,127.40625,175.8789062,13.11682129,361,14,24,1916,0,1320,900,1
769.1533447,5.2694577,opengl,0,958,3.784477036,2.491152923,1.13751357,2.474089388,127.40625,175.8789062,13.11682129,361,14,24,1916,0,1320,900,1
774.4234078,5.2700631,opengl,0,958,3.74422881,2.467154906,1.125721503,2.473805176,127.0429688,174.9804688,13.11682129,361,14,24,1916,0,1320,900,1
779.6934125,5.2700047,opengl,0,958,3.77575261,2.488393111,1.139510751,2.446036718,127.0390625,174.96875,13.11682129,361,14,24,1916,0,1320,900,1
784.9634263,5.2700138,opengl,0,958,3.784563466,2.502321921,1.131547808,2.381175572,127.0429688,174.96875,13.11682129,361,14,24,1916,0,1320,900,1
790.2334032,5.2699769,opengl,0,957,3.75769697,2.477159979,1.126395507,2.381192245,127.40625,175.8789062,13.11682129,361,14,24,1914,0,1320,900,1
795.5034281,5.2700249,opengl,0,958,3.732818268,2.475979437,1.111370459,2.399701067,127.0429688,174.96875,13.11682129,361,14,24,1916,0,1320,900,1
800.7732821,5.269854,opengl,0,959,3.772737643,2.480151407,1.143348801,2.41831,125.1484375,172.9375,13.11682129,361,14,24,1918,0,1320,900,1
806.0432897,5.2700076,opengl,0,957,3.715151724,2.443416615,1.125941901,2.279260233,127.4023438,175.8671875,13.11682129,361,14,24,1914,0,1320,900,1
811.3122701,5.2689804,opengl,0,958,3.736435804,2.460713674,1.135593111,2.390909682,127.0390625,174.96875,13.11682129,361,14,24,1916,0,1320,900,1
816.582245,5.2699749,opengl,0,959,3.733707091,2.462841293,1.123257456,2.408989178,127.0390625,174.9804688,13.11682129,361,14,24,1918,0,1320,900,1
821.8522715,5.2700265,opengl,0,958,3.766153444,2.479401774,1.135800522,2.427496095,127.0390625,174.96875,13.11682129,361,14,24,1916,0,1320,900,1
827.1212499,5.2689784,opengl,0,957,3.724193312,2.44789091,1.13051442,2.40944478,127.0429688,174.96875,13.11682129,361,14,24,1914,0,1320,900,1
832.3912343,5.2699844,opengl,0,957,3.775978683,2.482336259,1.138285267,2.37192353,125.0859375,172.875,13.11682129,361,14,24,1914,0,1320,900,1
837.661314,5.2700797,opengl,0,959,3.747259645,2.468257142,1.13129072,2.390410955,127.4023438,175.8789062,13.11682129,361,14,24,1918,0,1320,900,1
842.9312877,5.2699737,opengl,0,958,3.750379958,2.485291128,1.122874008,2.316336275,127.0390625,174.96875,13.11682129,361,14,24,1916,0,1320,900,1
848.2012925,5.2700048,opengl,0,958,3.767073278,2.481463153,1.130994676,2.334853186,127.03125,174.9804688,13.11682129,361,14,24,1916,0,1320,900,1
853.4712777,5.2699852,opengl,0,958,3.716353027,2.439307202,1.133155429,2.399719144,127.0429688,174.96875,13.11682129,361,14,24,1916,0,1320,900,1
858.7413994,5.2701217,opengl,0,958,3.798961379,2.5039381,1.14470929,2.39965699,127.40625,175.8671875,13.11682129,361,14,24,1916,0,1320,900,1
864.0115122,5.2701128,opengl,0,959,3.762455161,2.479038999,1.130047342,2.408926143,125.1484375,172.9375,13.11682129,361,14,24,1918,0,1320,900,1
869.2812364,5.2697242,opengl,0,958,3.785053654,2.494174739,1.14033664,2.381306431,127.0429688,174.9804688,13.11682129,361,14,24,1916,0,1320,900,1
874.5512221,5.2699857,opengl,0,958,3.764159604,2.488700731,1.122268685,2.381188269,127.0429688,174.9804688,13.11682129,361,14,24,1916,0,1320,900,1
879.8212124,5.2699903,opengl,0,958,3.780020354,2.487147599,1.14048904,2.464574033,127.4023438,175.8789062,13.11682129,361,14,24,1916,0,1320,900,1
885.091176,5.2699636,opengl,0,957,3.776736991,2.48517095,1.133495194,2.325606077,127.40625,175.8789062,13.11682129,361,14,24,1914,0,1320,900,1
890.3606757,5.2694997,opengl,0,958,3.800314822,2.518277036,1.133226722,2.381407883,127.0429688,175.8671875,13.11682129,361,14,24,1916,0,1320,900,1
895.6303783,5.2697026,opengl,0,958,3.715495929,2.45089071,1.123151462,2.390582013,127.4101562,175.8789062,13.11682129,361,14,24,1916,0,1320,900,1
900.9003808,5.2700025,opengl,0,958,3.746987265,2.472953026,1.131886638,2.390445972,127.046875,174.96875,13.11682129,361,14,24,1916,0,1320,900,1
906.1703804,5.2699996,opengl,0,957,3.774123929,2.480226019,1.129499373,2.371916689,127.0429688,174.9804688,13.11682129,361,14,24,1914,0,1320,900,1
911.4404638,5.2700834,opengl,0,959,3.764289572,2.482570385,1.129033785,2.390409277,127.40625,175.8789062,13.11682129,361,14,24,1918,0,1320,900,1
916.7104733,5.2700095,opengl,0,958,3.765922025,2.480557098,1.133112213,2.492360901,127.0429688,174.96875,13.11682129,361,14,24,1916,0,1320,900,1
921.9802086,5.2697353,opengl,0,958,3.763968058,2.475360125,1.138906472,2.464693293,127.0390625,174.9804688,13.11682129,361,14,24,1916,0,1320,900,1
927.2492012,5.2689926,opengl,0,957,3.763198119,2.46631536,1.144865831,2.409438286,127.0429688,174.9804688,13.11682129,361,14,24,1914,0,1320,900,1
932.5188257,5.2696245,opengl,0,959,3.737194995,2.466409802,1.124104172,2.455479157,127.046875,175.8789062,13.11682129,361,14,24,1918,0,1320,900,1
937.7888405,5.2700148,opengl,0,957,3.760243992,2.474869907,1.133069593,2.436766757,125.1484375,172.9375,13.11682129,361,14,24,1914,0,1320,900,1
943.0588269,5.2699864,opengl,0,959,3.747273931,2.481110219,1.119844838,2.390453275,127.0390625,174.9804688,13.11682129,361,14,24,1918,0,1320,900,1
948.3287588,5.2699319,opengl,0,958,3.789996034,2.499618058,1.137557307,2.418274252,125.1484375,172.9375,13.11682129,361,14,24,1916,0,1320,900,1
953.5987699,5.2700111,opengl,0,958,3.726668163,2.460017224,1.119613152,2.40897263,127.0117188,174.953125,13.11682129,361,14,24,1916,0,1320,900,1
958.8687608,5.2699909,opengl,0,958,3.7596,2.477927349,1.134163048,2.418247179,125.1015625,172.890625,13.11682129,361,14,24,1916,0,1320,900,1
964.1387571,5.2699963,opengl,0,957,3.776025497,2.485230721,1.132480354,2.408979395,125.1054688,172.8945312,13.11682129,361,14,24,1914,0,1320,900,1
969.4087716,5.2700145,opengl,0,958,3.782985282,2.500890501,1.129928601,2.427501623,127.046875,175.8398438,13.11682129,361,14,24,1916,0,1320,900,1
974.6787004,5.2699288,opengl,0,958,3.784458142,2.489231419,1.135677453,2.436806523,127,174.953125,13.11682129,361,14,24,1916,0,1320,900,1
979.9487123,5.2700119,opengl,0,955,3.789900209,2.490991832,1.12732178,2.371911153,127.0039062,174.9609375,13.11682129,361,14,24,1910,0,1320,900,1
985.2172603,5.268548,opengl,0,959,3.765562044,2.488848384,1.129945464,2.409641613,126.9882812,174.9453125,13.11682129,361,14,24,1918,0,1320,900,1
990.4862832,5.2690229,opengl,0,957,3.778315674,2.485400731,1.139976384,2.298220226,127.0390625,174.9726562,13.11682129,361,14,24,1914,0,1320,900,1
995.7552638,5.2689806,opengl,0,958,3.772957725,2.489574843,1.133395407,2.483580505,127.3867188,175.859375,13.11682129,361,14,24,1916,0,1320,900,1
1001.025255,5.2699915,opengl,0,958,3.736126827,2.446736743,1.135824217,2.390450962,125.1289062,172.9179688,13.11682129,361,14,24,1916,0,1320,900,1
1006.295266,5.270011,opengl,0,958,3.731386534,2.473450417,1.115964092,2.371911558,127.3554688,175.8242188,13.11682129,361,14,24,1916,0,1320,900,1
1011.565248,5.2699817,opengl,0,958,3.772734551,2.492099791,1.135936325,2.390455407,126.9960938,174.9257812,13.11682129,361,14,24,1916,0,1320,900,1
1016.83474,5.2694917,opengl,0,958,3.737063465,2.467396868,1.121259813,2.344346728,125.1289062,172.9179688,13.11682129,361,14,24,1916,0,1320,900,1
1022.104194,5.2694539,opengl,0,958,3.812322442,2.506818998,1.145674322,2.437026136,127.0039062,174.9726562,13.11682129,361,15,24,1916,0,1320,900,1
1027.374237,5.2700432,opengl,0,959,3.776274974,2.502851408,1.126794473,2.446018849,127.0039062,174.9609375,13.11682129,361,14,24,1918,0,1320,900,1
1032.64425,5.2700127,opengl,0,958,3.753389771,2.478117641,1.125819416,2.473828834,126.9921875,174.9492188,13.11682129,361,14,24,1916,0,1320,900,1
1037.914017,5.2697674,opengl,0,958,3.760788936,2.468642798,1.141791232,2.436881156,126.9921875,174.9492188,13.11682129,361,14,24,1916,0,1320,900,1
1043.182973,5.2689565,opengl,0,958,3.762519625,2.489621607,1.124981211,2.455790463,126.9960938,174.9726562,13.11682129,361,14,24,1916,0,1320,900,1
1048.453003,5.2700298,opengl,0,957,3.745287147,2.46016698,1.131125183,2.399698836,127,174.9609375,13.11682129,361,14,24,1914,0,1320,900,1
1053.723,5.2699965,opengl,0,958,3.697955741,2.436564509,1.11708382,2.288530339,127.0234375,174.9609375,13.11682129,361,14,24,1916,0,1320,900,1
1058.99282,5.2698202,opengl,0,959,3.757052346,2.472940354,1.138127007,2.390528665,127.0117188,174.9726562,13.11682129,361,14,24,1918,0,1320,900,1
1064.26272,5.2698998,opengl,0,958,3.723121607,2.455242693,1.124074216,2.371961607,127.015625,174.9726562,13.11682129,361,14,24,1916,0,1320,900,1
1069.53155,5.2688308,opengl,0,949,3.853118967,2.504651001,1.15263098,2.455849052,125.0234375,172.8164062,13.11682129,361,14,24,1898,0,1320,900,1
1074.801473,5.2699224,opengl,0,959,3.794948592,2.497465485,1.141746298,2.464605788,126.9101562,174.8789062,13.11682129,361,14,24,1918,0,1320,900,1
1080.071452,5.2699788,opengl,0,949,4.095092097,2.617094836,1.282991254,2.49237542,126.8242188,174.8164062,13.11682129,361,14,24,1898,0,1320,900,1
1085.341511,5.2700591,opengl,0,952,4.174348319,2.657989075,1.325877941,2.566459003,126.8554688,174.8085938,13.11682129,361,14,24,1904,0,1320,900,1
1090.610979,5.2694687,opengl,0,958,3.828780167,2.504676722,1.155526619,2.446285524,124.9609375,172.7460938,13.11682129,361,14,24,1916,0,1320,900,1
1095.880551,5.2695717,opengl,0,955,3.798529109,2.480907749,1.142467435,2.372109293,126.84375,174.796875,13.11682129,361,14,24,1910,0,1320,900,1
1101.150534,5.2699827,opengl,0,958,3.791310961,2.483645928,1.151210961,2.455312258,126.859375,174.828125,13.11682129,361,14,24,1916,0,1320,900,1
1106.42045,5.2699157,opengl,0,958,3.760363152,2.470315866,1.137071189,2.446078027,126.8710938,174.828125,13.11682129,361,14,24,1916,0,1320,900,1
1111.690477,5.2700274,opengl,0,958,3.79385261,2.492078392,1.140953236,2.483087185,124.9726562,172.765625,13.11682129,361,14,24,1916,0,1320,900,1
1116.960495,5.2700181,opengl,0,958,3.74627714,2.461924739,1.128845616,2.427499964,126.8671875,174.828125,13.11682129,361,14,24,1916,0,1320,900,1
1122.230509,5.2700138,opengl,0,958,3.789927139,2.490054801,1.142639979,2.325583924,126.8671875,174.828125,13.11682129,361,14,24,1916,0,1320,900,1
1127.500505,5.2699965,opengl,0,958,3.772073695,2.478549374,1.139596868,2.427509914,126.8671875,174.828125,13.11682129,361,14,24,1916,0,1320,900,1
1132.770491,5.2699852,opengl,0,958,3.767786222,2.478090292,1.126905324,2.344127195,126.8710938,174.828125,13.11682129,361,14,24,1916,0,1320,900,1
1138.040482,5.2699915,opengl,0,956,3.787992364,2.479647071,1.149600523,2.399716276,126.859375,174.828125,13.11682129,361,14,24,1912,0,1320,900,1
1143.310521,5.2700392,opengl,0,958,3.795197181,2.5030381,1.137729123,2.455285935,126.859375,174.8164062,13.11682129,361,14,24,1916,0,1320,900,1
1148.580691,5.2701694,opengl,0,958,3.790321503,2.49617975,1.141628915,2.344045264,126.8671875,174.828125,13.11682129,361,14,24,1916,0,1320,900,1
1153.849707,5.2690165,opengl,0,958,3.713872233,2.441330167,1.125418998,2.372359244,126.8671875,174.828125,13.11682129,361,14,24,1916,0,1320,900,1
1159.119713,5.2700061,opengl,0,958,3.739790188,2.461559813,1.133343215,2.43677078,126.8671875,174.828125,13.11682129,361,14,24,1916,0,1320,900,1
1164.389207,5.2694932,opengl,0,958,3.753367432,2.480545304,1.121834134,2.344346061,126.8671875,174.828125,13.11682129,361,14,24,1916,0,1320,900,1
1169.659208,5.2700015,opengl,0,958,3.77672213,2.502336117,1.129701775,2.408977018,126.8710938,174.828125,13.11682129,361,14,24,1916,0,1320,900,1
1174.929228,5.2700205,opengl,0,958,3.709943737,2.44750929,1.120889771,2.381172545,126.84375,174.8164062,13.11682129,361,14,24,1916,0,1320,900,1
1180.19821,5.2689818,opengl,0,957,3.771809719,2.483215257,1.131061651,2.511381207,126.859375,174.828125,13.11682129,361,14,24,1914,0,1320,900,1
1185.468227,5.270017,opengl,0,958,3.745408873,2.470115449,1.125673173,2.353378319,126.8632812,174.8164062,13.11682129,361,14,24,1916,0,1320,900,1
1190.738225,5.269998,opengl,0,958,3.760919103,2.477007724,1.139438518,2.390448013,126.8867188,174.8476562,13.11682129,361,14,24,1916,0,1320,900,1
1196.007942,5.2697165,opengl,0,959,3.735153389,2.456307194,1.139900938,2.372044113,126.8828125,174.84375,13.11682129,361,14,24,1918,0,1320,900,1
1201.277948,5.2700067,opengl,0,958,3.777237265,2.499333715,1.133026722,2.492362225,126.8828125,174.84375,13.11682129,361,14,24,1916,0,1320,900,1
1206.548,5.2700516,opengl,0,958,3.783240918,2.504049582,1.130002609,2.418219325,126.8710938,174.84375,13.11682129,361,14,24,1916,0,1320,900,1
1211.817985,5.2699852,opengl,0,958,3.741984759,2.461030793,1.138245407,2.408984469,124.9882812,172.78125,13.11682129,361,14,24,1916,0,1320,900,1
1217.088007,5.2700213,opengl,0,958,3.770642066,2.494854175,1.121767745,2.36264166,126.8828125,174.84375,13.11682129,361,14,24,1916,0,1320,900,1
1222.357305,5.2692987,opengl,0,958,3.785164614,2.50082286,1.134046138,2.362965659,124.9882812,172.78125,13.11682129,361,14,24,1916,0,1320,900,1
1227.627297,5.2699914,opengl,0,958,3.748099165,2.472046346,1.126357307,2.399716321,126.8828125,174.84375,13.11682129,361,14,24,1916,0,1320,900,1
1232.896642,5.2693455,opengl,0,958,3.718658455,2.456570772,1.125639875,2.381477572,126.8867188,174.84375,13.11682129,361,14,24,1916,0,1320,900,1
1238.166108,5.2694656,opengl,0,958,3.801915032,2.507110438,1.139648747,2.455553202,126.8710938,174.84375,13.11682129,361,14,24,1916,0,1320,900,1
1243.435931,5.2698234,opengl,0,958,3.707571503,2.439613675,1.126913675,2.390527214,126.8867188,174.84375,13.11682129,361,14,24,1916,0,1320,900,1
1248.705893,5.2699617,opengl,0,958,3.734637056,2.459884237,1.133918163,2.483118141,126.8867188,174.8476562,13.11682129,361,14,24,1916,0,1320,900,1
1253.975876,5.2699828,opengl,0,957,3.762412852,2.480161547,1.125055382,2.37192425,126.8867188,174.8476562,13.11682129,361,14,24,1914,0,1320,900,1
1259.245757,5.2698812,opengl,0,958,3.813731941,2.512918998,1.14046618,2.483156072,126.8867188,174.8476562,13.11682129,361,14,24,1916,0,1320,900,1
1264.515742,5.2699854,opengl,0,958,3.78151858,2.502443111,1.129378497,2.418249702,126.8867188,174.8476562,13.11682129,361,14,24,1916,0,1320,900,1
1269.785518,5.2697758,opengl,0,957,3.778601881,2.487018496,1.132313375,2.409080193,126.8789062,174.8476562,13.11682129,361,14,24,1914,0,1320,900,1
1275.055522,5.2700035,opengl,0,958,3.750473695,2.485863883,1.117839875,2.399710811,126.859375,174.8164062,13.11682129,361,14,24,1916,0,1320,900,1
1280.323488,5.2679662,opengl,0,958,3.774287787,2.4859881,1.139624844,2.419176612,126.8632812,174.8125,13.11682129,361,14,24,1916,0,1320,900,1
1285.593026,5.2695377,opengl,0,958,3.702429959,2.437492694,1.120364301,2.399922933,124.9960938,172.7890625,13.11682129,361,14,24,1916,0,1320,900,1
1290.86302,5.2699943,opengl,0,957,3.777743051,2.484144305,1.135108045,2.520164016,126.8867188,174.8476562,13.11682129,361,14,24,1914,0,1320,900,1
1296.133053,5.2700336,opengl,0,958,3.744593111,2.464539353,1.128247704,2.427492825,124.9921875,172.7851562,13.11682129,361,14,24,1916,0,1320,900,1
1301.403055,5.2700013,opengl,0,957,3.753357262,2.476642843,1.130764368,2.40897711,126.8789062,174.8476562,13.11682129,361,14,24,1914,0,1320,900,1
1306.673036,5.2699811,opengl,0,959,3.748031804,2.481054745,1.123061419,2.520170329,126.8789062,174.8476562,13.11682129,361,14,24,1918,0,1320,900,1
1311.943026,5.26999,opengl,0,958,3.740131419,2.459770355,1.136578288,2.408982275,126.8867188,174.8476562,13.11682129,361,14,24,1916,0,1320,900,1
1317.212614,5.269588,opengl,0,958,3.758870042,2.488932045,1.121656158,2.344303886,126.890625,174.8515625,13.11682129,361,14,24,1916,0,1320,900,1
1322.482195,5.2695809,opengl,0,958,3.784982359,2.490834447,1.139559916,2.41843533,124.9960938,172.7890625,13.11682129,361,14,24,1916,0,1320,900,1
1327.751658,5.2694637,opengl,0,958,3.76425929,2.484253653,1.127502297,2.409222878,126.8789062,174.8476562,13.11682129,361,14,24,1916,0,1320,900,1
1333.020653,5.2689951,opengl,0,958,3.798499269,2.503834969,1.140533716,2.418704209,124.9960938,172.7890625,13.11682129,361,14,24,1916,0,1320,900,1
1338.290686,5.2700326,opengl,0,957,3.784800418,2.498150262,1.131358829,2.473819493,126.8828125,174.8515625,13.11682129,361,14,24,1914,0,1320,900,1
1343.560172,5.2694862,opengl,0,958,3.758274113,2.488025991,1.116502923,2.390680186,126.890625,174.8515625,13.11682129,361,14,24,1916,0,1320,900,1
1348.82955,5.2693781,opengl,0,958,3.761094885,2.480989457,1.131607098,2.399995623,126.859375,174.8203125,13.11682129,361,14,24,1916,0,1320,900,1
1354.099574,5.2700234,opengl,0,958,3.748648957,2.479820146,1.12283476,2.427497523,126.890625,174.8515625,13.11682129,361,14,24,1916,0,1320,900,1
1359.369601,5.2700276,opengl,0,957,3.774165099,2.484070324,1.132560502,2.446026089,126.890625,174.8515625,13.11682129,361,14,24,1914,0,1320,900,1
1364.63963,5.2700289,opengl,0,958,3.729173591,2.463187265,1.119616701,2.381168749,126.8828125,174.8515625,13.11682129,361,14,24,1916,0,1320,900,1
1369.909337,5.2697064,opengl,0,958,3.790480063,2.505217955,1.133261169,2.48323844,126.8828125,174.8515625,13.11682129,361,14,24,1916,0,1320,900,1
1375.179406,5.2700689,opengl,0,959,3.751958603,2.489231804,1.117897185,2.510863164,126.890625,174.8515625,13.11682129,361,14,24,1918,0,1320,900,1
1380.448891,5.2694856,opengl,0,958,3.815893215,2.523651357,1.141836013,2.455543882,126.890625,174.8515625,13.11682129,361,14,24,1916,0,1320,900,1
1385.718911,5.2700196,opengl,0,958,3.736846242,2.463662943,1.129676096,2.344111894,126.875,174.8359375,13.11682129,361,14,24,1916,0,1320,900,1
1390.988932,5.2700213,opengl,0,957,3.768846813,2.481755276,1.12667931,2.399702706,126.9101562,174.8359375,13.11682129,361,14,24,1914,0,1320,900,1
1396.259238,5.270306,opengl,0,959,3.746958706,2.479850365,1.125816371,2.529279728,124.9804688,172.7734375,13.11682129,361,14,24,1918,0,1320,900,1
1401.529258,5.2700197,opengl,0,958,3.733655011,2.462622025,1.1297357,2.473825549,126.8632812,174.8359375,13.11682129,361,14,24,1916,0,1320,900,1
1406.799254,5.2699961,opengl,0,958,3.727363883,2.455698643,1.122527662,2.325591735,126.8789062,174.8359375,13.11682129,361,14,24,1916,0,1320,900,1
1412.068822,5.2695678,opengl,0,957,3.756025496,2.470654232,1.130021735,2.372111049,126.8984375,174.8242188,13.11682129,361,14,24,1914,0,1320,900,1
1417.338855,5.2700332,opengl,0,959,3.726670385,2.450973827,1.127077164,2.334840604,126.8632812,174.8242188,13.11682129,361,14,24,1918,0,1320,900,1
1422.608129,5.2692743,opengl,0,958,3.736605011,2.461239666,1.131443633,2.409309476,126.8945312,174.8554688,13.11682129,361,14,24,1916,0,1320,900,1
1427.878138,5.2700088,opengl,0,958,3.774152088,2.494617745,1.128120877,2.455300098,126.8789062,174.8515625,13.11682129,361,14,24,1916,0,1320,900,1
1433.148302,5.2701635,opengl,0,958,3.745016806,2.472296138,1.124947912,2.41816798,124.9960938,172.7890625,13.11682129,361,14,24,1916,0,1320,900,1
1438.418133,5.2698316,opengl,0,957,3.789647858,2.505934587,1.129092582,2.427585874,126.8828125,174.8515625,13.11682129,361,14,24,1914,0,1320,900,1
1443.687712,5.2695792,opengl,0,959,3.792417622,2.509479979,1.127926277,2.427702149,124.9960938,172.7890625,13.11682129,361,14,24,1918,0,1320,900,1
1448.957743,5.2700305,opengl,0,958,3.771151461,2.492632568,1.13298382,2.464555234,126.890625,174.8515625,13.11682129,361,14,24,1916,0,1320,900,1
1454.227231,5.2694886,opengl,0,957,3.762248798,2.483555173,1.129136364,2.483341078,126.890625,174.8515625,13.11682129,361,14,24,1914,0,1320,900,1
1459.497246,5.2700147,opengl,0,958,3.759909291,2.498523799,1.120651983,2.362644619,126.890625,174.8515625,13.11682129,361,14,24,1916,0,1320,900,1
1464.767267,5.2700204,opengl,0,959,3.761317726,2.487931491,1.124304901,2.418233642,126.8671875,174.8359375,13.11682129,361,14,24,1918,0,1320,900,1
1470.037235,5.2699685,opengl,0,958,3.771210439,2.480574322,1.141063988,2.371930686,126.8632812,174.8359375,13.11682129,361,14,24,1916,0,1320,900,1
1475.306608,5.2693731,opengl,0,958,3.704818685,2.441123277,1.121058247,2.325866691,126.875,174.8359375,13.11682129,361,14,24,1916,0,1320,900,1
1480.576109,5.2695009,opengl,0,958,3.739403236,2.458295511,1.137095824,2.446270576,126.875,174.8359375,13.11682129,361,14,24,1916,0,1320,900,1
1485.846126,5.2700173,opengl,0,958,3.738700313,2.464204175,1.123348434,2.344112917,126.875,174.8359375,13.11682129,361,14,24,1916,0,1320,900,1
1491.116143,5.2700167,opengl,0,958,3.757152088,2.478509395,1.128886952,2.40897007,126.875,174.8359375,13.11682129,361,14,24,1916,0,1320,900,1
1496.385671,5.2695282,opengl,0,958,3.725626618,2.457151879,1.12252641,2.39992726,126.875,174.8359375,13.11682129,361,14,24,1916,0,1320,900,1
1501.655162,5.2694904,opengl,0,957,3.767574713,2.483520794,1.133792894,2.316548722,126.8671875,174.8359375,13.11682129,361,14,24,1914,0,1320,900,1
1506.925212,5.2700503,opengl,0,959,3.750170699,2.49316903,1.112647758,2.408954711,126.8789062,174.8359375,13.11682129,361,14,24,1918,0,1320,900,1
1512.195207,5.2699953,opengl,0,957,3.757095194,2.481403134,1.122364786,2.399714545,124.9804688,172.7734375,13.11682129,361,14,24,1914,0,1320,900,1
1517.464265,5.2690577,opengl,0,958,3.754522025,2.476176096,1.125237891,2.326005915,126.8945312,174.8554688,13.11682129,361,14,24,1916,0,1320,900,1
1522.734313,5.2700482,opengl,0,958,3.769950835,2.498485073,1.123810439,2.4274861,125,172.7929688,13.11682129,361,14,24,1916,0,1320,900,1
1528.003809,5.2694959,opengl,0,958,3.794013048,2.509735177,1.126173487,2.59453186,126.8867188,174.8554688,13.11682129,361,14,24,1916,0,1320,900,1
1533.273794,5.269985,opengl,0,958,3.755958768,2.487397181,1.123135699,2.362657935,126.8828125,174.8554688,13.11682129,361,14,24,1916,0,1320,900,1
1538.543797,5.2700032,opengl,0,957,3.817102194,2.517642529,1.142104075,2.49236388,126.875,174.8203125,13.11682129,361,14,24,1914,0,1320,900,1
1543.813805,5.2700076,opengl,0,958,3.760843632,2.496678497,1.115414509,2.446035372,126.8710938,174.8203125,13.11682129,361,14,24,1916,0,1320,900,1
1549.082934,5.2691296,opengl,0,958,3.745766075,2.469207724,1.130868998,2.335241005,126.8710938,174.8203125,13.11682129,361,14,24,1916,0,1320,900,1
1554.35291,5.2699759,opengl,0,958,3.748520042,2.487994155,1.117820355,2.390458038,126.8945312,174.8554688,13.11682129,361,14,24,1916,0,1320,900,1
1559.622425,5.2695144,opengl,0,958,3.759464718,2.483765554,1.128990083,2.455530461,126.8867188,174.8554688,13.11682129,361,14,24,1916,0,1320,900,1
1564.892443,5.2700182,opengl,0,958,3.722926722,2.446653027,1.131614509,2.371908317,125,172.7929688,13.11682129,361,14,24,1916,0,1320,900,1
1570.162527,5.270084,opengl,0,958,3.792816388,2.502397808,1.139042693,2.42746961,126.8867188,174.8554688,13.11682129,361,14,24,1916,0,1320,900,1
1575.431347,5.2688199,opengl,0,958,3.749717328,2.484222025,1.118122025,2.446586758,126.875,174.8359375,13.11682129,361,14,24,1916,0,1320,900,1
1580.701387,5.2700399,opengl,0,958,3.789424322,2.511003131,1.128144155,2.436755152,126.875,174.8359375,13.11682129,361,14,24,1916,0,1320,900,1
1585.97142,5.2700328,opengl,0,959,3.706136497,2.440511888,1.121297289,2.307045058,126.875,174.8359375,13.11682129,361,14,24,1918,0,1320,900,1
1591.240906,5.2694863,opengl,0,958,3.732368476,2.458409186,1.133280794,2.335082928,126.8789062,174.8476562,13.11682129,361,14,24,1916,0,1320,900,1
1596.510236,5.26933,opengl,0,958,3.752420251,2.477009082,1.127803236,2.464882869,126.8632812,174.8320312,13.11682129,361,14,24,1916,0,1320,900,1
1601.780293,5.270057,opengl,0,957,3.792695507,2.504588192,1.135584953,2.483073238,126.859375,174.8320312,13.11682129,361,14,24,1914,0,1320,900,1
1607.050374,5.2700812,opengl,0,958,3.704846451,2.436687057,1.122534655,2.344084494,124.9765625,172.7695312,13.11682129,361,14,24,1916,0,1320,900,1
1612.319855,5.2694812,opengl,0,958,3.775032358,2.504993632,1.126367537,2.372150033,126.90625,174.8320312,13.11682129,361,14,24,1916,0,1320,900,1
1617.588339,5.2684841,opengl,0,959,3.766967883,2.489712618,1.126081439,2.381866944,126.8789062,174.8320312,13.11682129,361,14,24,1918,0,1320,900,1
1622.858292,5.269953,opengl,0,957,3.750018182,2.466194148,1.135687775,2.455326096,126.8710938,174.8320312,13.11682129,361,14,24,1914,0,1320,900,1
1628.12829,5.2699975,opengl,0,958,3.749753863,2.476791858,1.12612046,2.371917634,126.8632812,174.8320312,13.11682129,361,14,24,1916,0,1320,900,1
1633.398454,5.270164,opengl,0,958,3.755421504,2.491394885,1.115039352,2.40890274,126.8632812,174.8320312,13.11682129,361,14,24,1916,0,1320,900,1
1638.668421,5.269967,opengl,0,957,3.807626228,2.50593511,1.135133962,2.371931361,124.9765625,172.7695312,13.11682129,361,14,24,1914,0,1320,900,1
1643.938396,5.2699747,opengl,0,958,3.729315031,2.452019625,1.133705741,2.446050642,126.8710938,174.8320312,13.11682129,361,14,24,1916,0,1320,900,1
1649.207761,5.269365,opengl,0,957,3.796498642,2.50370324,1.136189236,2.455600082,124.9765625,172.7695312,13.11682129,361,14,24,1914,0,1320,900,1
1654.477768,5.2700079,opengl,0,958,3.735184656,2.471764927,1.114561169,2.418239378,126.875,174.8320312,13.11682129,361,14,24,1916,0,1320,900,1
1659.747751,5.2699824,opengl,0,958,3.801809081,2.516821294,1.135055532,2.501639047,126.8632812,174.8320312,13.11682129,361,14,24,1916,0,1320,900,1
1665.017788,5.2700371,opengl,0,958,3.755090396,2.478940188,1.124057724,2.436756446,126.875,174.8320312,13.11682129,361,14,24,1916,0,1320,900,1
1670.287278,5.2694906,opengl,0,958,3.739685282,2.459868476,1.136761692,2.437009163,126.8710938,174.8320312,13.11682129,361,14,24,1916,0,1320,900,1
1675.557295,5.2700164,opengl,0,959,3.744651511,2.479532013,1.120702711,2.390439667,126.8710938,174.8320312,13.11682129,361,14,24,1918,0,1320,900,1
1680.826109,5.2688139,opengl,0,957,3.789290386,2.496852247,1.13461045,2.446589545,126.8710938,174.8320312,13.11682129,361,14,24,1914,0,1320,900,1
1686.095598,5.269489,opengl,0,958,3.750619833,2.464584447,1.135113988,2.325815534,126.8710938,174.8320312,13.11682129,361,14,24,1916,0,1320,900,1
1691.365268,5.26967,opengl,0,958,3.784748017,2.506103967,1.130276617,2.40912856,126.875,174.8320312,13.11682129,361,14,24,1916,0,1320,900,1
1696.635274,5.2700065,opengl,0,958,3.756924112,2.487947285,1.118458351,2.436770595,126.8632812,174.8320312,13.11682129,361,14,24,1916,0,1320,900,1
1701.905264,5.2699894,opengl,0,958,3.771858247,2.487266597,1.133076827,2.455309137,126.8632812,174.8320312,13.11682129,361,14,24,1916,0,1320,900,1
1707.173372,5.2681085,opengl,0,958,3.739961273,2.458338518,1.136619103,2.400574015,126.8710938,174.8320312,13.11682129,361,14,24,1916,0,1320,900,1
1712.442871,5.2694987,opengl,0,958,3.769048434,2.488658977,1.129700626,2.381408335,126.8710938,174.8320312,13.11682129,361,14,24,1916,0,1320,900,1
1717.712912,5.270041,opengl,0,957,3.781209195,2.498761337,1.122513898,2.455285096,124.9765625,172.7695312,13.11682129,361,14,24,1914,0,1320,900,1
1722.982447,5.2695355,opengl,0,957,3.749008151,2.473202821,1.128397178,2.325795011,126.8710938,174.8320312,13.11682129,361,14,24,1914,0,1320,900,1
1728.252457,5.2700096,opengl,0,959,3.737796245,2.461877163,1.128541501,2.325585778,126.8632812,174.8320312,13.11682129,361,14,24,1918,0,1320,900,1
1733.521867,5.2694101,opengl,0,958,3.72230428,2.450812839,1.125979854,2.353649368,126.8632812,174.8320312,13.11682129,361,14,24,1916,0,1320,900,1
1738.791897,5.2700294,opengl,0,958,3.714202818,2.447046243,1.126315763,2.344107535,126.8710938,174.8320312,13.11682129,361,14,24,1916,0,1320,900,1
1744.061896,5.2699995,opengl,0,957,3.783476385,2.503413271,1.124441379,2.446039132,126.8710938,174.8320312,13.11682129,361,14,24,1914,0,1320,900,1
1749.33191,5.2700136,opengl,0,959,3.743516684,2.47423535,1.12705975,2.464563137,126.8710938,174.8320312,13.11682129,361,14,24,1918,0,1320,900,1
1754.600181,5.2682713,opengl,0,957,3.777995506,2.494145664,1.131542737,2.419036511,126.8632812,174.8320312,13.11682129,361,14,24,1914,0,1320,900,1
1759.869442,5.2692613,opengl,0,958,3.787767954,2.504043946,1.129848121,2.418582017,126.8632812,174.8320312,13.11682129,361,14,24,1916,0,1320,900,1
1765.139471,5.2700289,opengl,0,958,3.769300209,2.496229854,1.132014196,2.399699245,126.875,174.8320312,13.11682129,361,14,24,1916,0,1320,900,1
1770.409479,5.270008,opengl,0,957,3.778949007,2.488464682,1.136102193,2.418239332,126.8710938,174.8320312,13.11682129,361,14,24,1914,0,1320,900,1
1775.679481,5.2700021,opengl,0,958,3.768705428,2.501433089,1.120307202,2.316323792,126.8710938,174.8320312,13.11682129,361,14,24,1916,0,1320,900,1
1780.948931,5.26945,opengl,0,958,3.796986639,2.509547703,1.128289353,2.446294205,126.8710938,174.8320312,13.11682129,361,14,24,1916,0,1320,900,1
1786.219007,5.2700757,opengl,0,958,3.740992797,2.477304697,1.119276201,2.427473433,126.8671875,174.8320312,13.11682129,361,14,24,1916,0,1320,900,1
1791.489026,5.2700193,opengl,0,958,3.766502818,2.484789875,1.129249896,2.455295206,124.9765625,172.7695312,13.11682129,361,14,24,1916,0,1320,900,1
1796.759169,5.2701426,opengl,0,958,3.74778069,2.467261795,1.128481629,2.390382425,124.9765625,172.7695312,13.11682129,361,14,24,1916,0,1320,900,1
1800.168181,3.4090124,opengl,0,619,3.81488029,2.513999515,1.135418739,2.492244895,126.8710938,174.8320312,13.11682129,361,14,24,1238,0,1320,900,1
