"round","load","requested","scene","particle_mode","backend","device","reason","vsync","backend_changes","elapsed_ms","cpu_ms","cpu_percent","working_set_mib","private_mib","cpu_caches_available","gpu_cache_available","skia_cpu_font_cache_mib","skia_cpu_resource_cache_mib","skia_gpu_cache_mib","skia_gpu_purgeable_mib","skia_gpu_cache_limit_mib","skia_gpu_resource_count","retained_surface_estimate_mib","paint_count","paint_mean_ms","content_mean_ms","content_p95_ms","submit_mean_ms","blit_mean_ms","width","height","dpi_scale"
"1","heavy","cpu","particles","reference","raster","","disabled-by-environment","0","0","5002.1617","5015.625","3.1334109","62.34375","44.195312","1","0","0.08477211","0","0","0","0","0","8.125","160","31.196773","30.520997","31.1932","0","0.40892","1320","900","1"
"1","heavy","gpu","particles","reference","opengl","NVIDIA GeForce RTX 5080/PCIe/SSE2","","1","0","4991.4997","5593.75","3.5020474","131.78516","181.89062","1","1","0.09396553","0","15.944946","7.3369141","256","210","4.5318604","897","5.4305221","3.9559972","4.0608","1.2243376","0","1320","900","1"
"1","heavy","cpu","particles","precomputed","raster","","disabled-by-environment","0","0","5023.5654","5015.625","3.1200605","62.792969","44.746094","1","0","0.085553169","0","0","0","0","0","8.125","161","31.129388","30.457571","31.1042","0","0.40361242","1320","900","1"
"1","heavy","gpu","particles","precomputed","opengl","NVIDIA GeForce RTX 5080/PCIe/SSE2","","1","0","4991.4425","5421.875","3.3944815","130.51562","180.66406","1","1","0.094008446","0","15.960571","7.3525391","256","211","4.5318604","896","5.4131905","3.930432","4.0662","1.2365254","0","1320","900","1"
"1","heavy","cpu","particles","batch","raster","","disabled-by-environment","0","0","4993.7165","4984.375","3.1191542","62.761719","44.640625","1","0","0.086274147","0","0","0","0","0","8.125","161","30.946092","30.263246","30.8359","0","0.41210186","1320","900","1"
"1","heavy","gpu","particles","batch","opengl","NVIDIA GeForce RTX 5080/PCIe/SSE2","","1","0","5001.7319","5187.5","3.2410649","132.66797","182.55469","1","1","0.093949318","0","15.929321","7.3212891","256","210","4.5318604","900","5.199172","3.7797322","4.0217","1.240329","0","1320","900","1"
"1","heavy","cpu","particles","combined","raster","","disabled-by-environment","0","0","5004.04","5000","3.122477","63.003906","44.882812","1","0","0.086803436","0","0","0","0","0","8.125","161","31.007535","30.325734","31.1441","0","0.40993975","1320","900","1"
"1","heavy","gpu","particles","combined","opengl","NVIDIA GeForce RTX 5080/PCIe/SSE2","","1","0","4990.1636","4984.375","3.121375","131.71094","182.05469","1","1","0.093927383","0","15.960571","7.3525391","256","211","4.5318604","904","5.0219389","3.6613325","3.8056","1.2254913","0","1320","900","1"
"2","heavy","gpu","particles","precomputed","opengl","NVIDIA GeForce RTX 5080/PCIe/SSE2","","1","0","5010.6354","5625","3.5081629","131.70703","185.54297","1","1","0.093719482","0","15.944946","7.3369141","256","211","4.5318604","900","5.3989092","3.935075","4.0794","1.2300587","0","1320","900","1"
"2","heavy","cpu","particles","precomputed","raster","","disabled-by-environment","0","0","4991.5287","5000","3.1303035","62.234375","44.050781","1","0","0.084040642","0","0","0","0","0","8.125","160","31.128844","30.447833","30.8079","0","0.41158875","1320","900","1"
"2","heavy","gpu","particles","batch","opengl","NVIDIA GeForce RTX 5080/PCIe/SSE2","","1","0","4994.9439","5281.25","3.3041224","131.76562","183.61719","1","1","0.093949318","0","15.944946","7.3369141","256","210","4.5318604","898","5.2249265","3.7930369","4.0615","1.2546808","0","1320","900","1"
"2","heavy","cpu","particles","batch","raster","","disabled-by-environment","0","0","5015.9714","5015.625","3.1247842","62.328125","44.117188","1","0","0.084276199","0","0","0","0","0","8.125","162","30.896875","30.229035","30.9489","0","0.4010463","1320","900","1"
"2","heavy","gpu","particles","combined","opengl","NVIDIA GeForce RTX 5080/PCIe/SSE2","","1","0","5006.5347","5250","3.2769672","130.65625","180.85156","1","1","0.093894958","0","15.991821","7.3837891","256","211","4.5318604","905","5.0894239","3.6893926","3.9414","1.2412786","0","1320","900","1"
"2","heavy","cpu","particles","combined","raster","","disabled-by-environment","0","0","5017.8134","5015.625","3.1236371","62.550781","44.335938","1","0","0.085007668","0","0","0","0","0","8.125","162","30.890454","30.204454","31.2497","0","0.40665432","1320","900","1"
"2","heavy","gpu","particles","reference","opengl","NVIDIA GeForce RTX 5080/PCIe/SSE2","","1","0","5006.0879","5562.5","3.4723347","131.51562","182","1","1","0.094151497","0","16.085571","7.4775391","256","214","4.5318604","899","5.4405433","3.954764","4.0926","1.2300007","0","1320","900","1"
"2","heavy","cpu","particles","reference","raster","","disabled-by-environment","0","0","5014.332","5015.625","3.1258058","62.121094","43.976562","1","0","0.084216118","0","0","0","0","0","8.125","161","31.075665","30.40535","30.7386","0","0.40240807","1320","900","1"
"3","heavy","cpu","particles","batch","raster","","disabled-by-environment","0","0","4999.2232","5000","3.1254856","62.316406","44.175781","1","0","0.083767891","0","0","0","0","0","8.125","161","30.983233","30.30513","31.1018","0","0.41008509","1320","900","1"
"3","heavy","gpu","particles","batch","opengl","NVIDIA GeForce RTX 5080/PCIe/SSE2","","1","0","5005.1267","5406.25","3.3754453","134.44141","185.39844","1","1","0.09444046","0","15.944946","7.3369141","256","210","4.5318604","897","5.246181","3.811207","4.1974","1.2467269","0","1320","900","1"
"3","heavy","cpu","particles","combined","raster","","disabled-by-environment","0","0","5009.0494","5015.625","3.1291023","62.828125","44.714844","1","0","0.084516525","0","0","0","0","0","8.125","162","30.84576","30.171613","30.9514","0","0.40685494","1320","900","1"
"3","heavy","gpu","particles","combined","opengl","NVIDIA GeForce RTX 5080/PCIe/SSE2","","1","0","5006.1161","5281.25","3.2967486","130.14844","180.37891","1","1","0.094183922","0","16.023071","7.4150391","256","212","4.5318604","908","5.0236581","3.6643971","3.7869","1.2274796","0","1320","900","1"
"3","heavy","cpu","particles","reference","raster","","disabled-by-environment","0","0","5005.3332","5000","3.1216703","62.339844","44.160156","1","0","0.085007668","0","0","0","0","0","8.125","160","31.216251","30.542765","31.0724","0","0.40740563","1320","900","1"
"3","heavy","gpu","particles","reference","opengl","NVIDIA GeForce RTX 5080/PCIe/SSE2","","1","0","4991.619","5421.875","3.3943615","130.14844","184.00781","1","1","0.093911171","0","16.007446","7.3994141","256","211","4.5318604","900","5.4059054","3.9408478","4.0469","1.2200068","0","1320","900","1"
"3","heavy","cpu","particles","precomputed","raster","","disabled-by-environment","0","0","4999.7341","5000","3.1251662","62.3125","44.117188","1","0","0.085012436","0","0","0","0","0","8.125","160","31.171906","30.490889","31.0944","0","0.40869","1320","900","1"
"3","heavy","gpu","particles","precomputed","opengl","NVIDIA GeForce RTX 5080/PCIe/SSE2","","1","0","4995.5304","5500","3.4405756","131.66406","183.04688","1","1","0.094183922","0","15.976196","7.3681641","256","211","4.5318604","894","5.4024303","3.9396509","4.1402","1.2359362","0","1320","900","1"
"4","heavy","gpu","particles","combined","opengl","NVIDIA GeForce RTX 5080/PCIe/SSE2","","1","0","5007.0901","5171.875","3.2278447","132.72656","185.48828","1","1","0.094205856","0","15.991821","7.3837891","256","211","4.5318604","902","5.1514461","3.7233867","3.9829","1.2541052","0","1320","900","1"
"4","heavy","cpu","particles","combined","raster","","disabled-by-environment","0","0","5003.7133","5000","3.1226809","62.394531","44.191406","1","0","0.083763123","0","0","0","0","0","8.125","162","30.818981","30.151575","30.5782","0","0.40182469","1320","900","1"
"4","heavy","gpu","particles","reference","opengl","NVIDIA GeForce RTX 5080/PCIe/SSE2","","1","0","5006.4852","5484.375","3.4232942","131.26953","182.25391","1","1","0.094183922","0","16.023071","7.4150391","256","212","4.5318604","901","5.4234679","3.9556816","4.0806","1.2213943","0","1320","900","1"
"4","heavy","cpu","particles","reference","raster","","disabled-by-environment","0","0","5020.8402","5015.625","3.121754","61.9375","43.699219","1","0","0.084040642","0","0","0","0","0","8.125","161","31.119407","30.452634","30.8989","0","0.40115652","1320","900","1"
"4","heavy","gpu","particles","precomputed","opengl","NVIDIA GeForce RTX 5080/PCIe/SSE2","","1","0","5008.9648","5515.625","3.4410959","132.1875","183.78516","1","1","0.093959808","0","15.991821","7.3837891","256","212","4.5318604","901","5.3948448","3.9238947","4.0719","1.2293453","0","1320","900","1"
"4","heavy","cpu","particles","precomputed","raster","","disabled-by-environment","0","0","4993.1577","5000","3.1292823","62.300781","44.09375","1","0","0.084052086","0","0","0","0","0","8.125","160","31.138416","30.465327","31.1179","0","0.40418625","1320","900","1"
"4","heavy","gpu","particles","batch","opengl","NVIDIA GeForce RTX 5080/PCIe/SSE2","","1","0","4991.9528","5187.5","3.247414","130.66797","183.25391","1","1","0.094183922","0","15.882446","7.2744141","256","209","4.5318604","900","5.1704446","3.7660206","4.0739","1.237411","0","1320","900","1"
"4","heavy","cpu","particles","batch","raster","","disabled-by-environment","0","0","5007.4312","5000","3.1203624","63.160156","45.261719","1","0","0.08881855","0","0","0","0","0","8.125","162","30.845436","30.176619","30.4641","0","0.40035309","1320","900","1"
"5","heavy","cpu","particles","reference","raster","","disabled-by-environment","0","0","4990.69","5000","3.1308296","62.324219","44.179688","1","0","0.084783554","0","0","0","0","0","8.125","160","31.126509","30.462396","30.9132","0","0.40172","1320","900","1"
"5","heavy","gpu","particles","reference","opengl","NVIDIA GeForce RTX 5080/PCIe/SSE2","","1","0","4986.6436","5562.5","3.4858742","130.64062","180.77734","1","1","0.094200134","0","16.007446","7.3994141","256","212","4.5318604","898","5.4328869","3.9511797","4.049","1.2223013","0","1320","900","1"
"5","heavy","cpu","particles","precomputed","raster","","disabled-by-environment","0","0","4982.9555","4984.375","3.1258902","62.261719","44.035156","1","0","0.084521294","0","0","0","0","0","8.125","159","31.272104","30.593277","31.3184","0","0.4102522","1320","900","1"
"5","heavy","gpu","particles","precomputed","opengl","NVIDIA GeForce RTX 5080/PCIe/SSE2","","1","0","4993.7759","5546.875","3.4711178","132.01562","183.82422","1","1","0.094200134","0","16.023071","7.4150391","256","212","4.5318604","883","5.495441","3.977093","4.2992","1.2536932","0","1320","900","1"
"5","heavy","cpu","particles","batch","raster","","disabled-by-environment","0","0","4992.64","4968.75","3.1100467","62.460938","44.234375","1","0","0.084056854","0","0","0","0","0","8.125","160","31.103247","30.415103","31.892","0","0.4147075","1320","900","1"
"5","heavy","gpu","particles","batch","opengl","NVIDIA GeForce RTX 5080/PCIe/SSE2","","1","0","5007.1159","5312.5","3.3155938","133.74609","185.36719","1","1","0.094238281","0","15.929321","7.3212891","256","210","4.5318604","905","5.1643128","3.7489448","3.9059","1.2449259","0","1320","900","1"
"5","heavy","cpu","particles","combined","raster","","disabled-by-environment","0","0","5010.5154","5000","3.1184417","63.078125","44.984375","1","0","0.08702755","0","0","0","0","0","8.125","161","31.003288","30.289827","30.9654","0","0.4212795","1320","900","1"
"5","heavy","gpu","particles","combined","opengl","NVIDIA GeForce RTX 5080/PCIe/SSE2","","1","0","4989.6353","5156.25","3.2293505","139.69922","190.29297","1","1","0.093981743","0","16.069946","7.4619141","256","213","4.5318604","901","5.104466","3.6843465","3.8431","1.2503715","0","1320","900","1"
