width,scale,time,max_channel_delta,changed_pixels,mean_rgb_delta,mesh_draws,fallbacks
640,1,0,2,1410,0.00172222,1,0
640,1,1.25,2,1523,0.00186198,2,0
640,1,300,2,6738,0.00708507,3,0
640,1.25,0,2,564,0.000612847,4,0
640,1.25,1.25,2,577,0.000621528,5,0
640,1.25,300,1,1288,0.0013151,6,0
640,1.5,0,3,2035,0.00243403,7,0
640,1.5,1.25,3,2129,0.00258333,8,0
640,1.5,300,34,10390,0.0111623,9,0
1320,1,0,3,2087,0.00121928,1,0
1320,1,1.25,3,2198,0.00126263,2,0
1320,1,300,2,6836,0.00351557,3,0
1320,1.25,0,2,709,0.000372054,4,0
1320,1.25,1.25,2,745,0.000382576,5,0
1320,1.25,300,1,1351,0.000674242,6,0
1320,1.5,0,2,2701,0.00155513,7,0
1320,1.5,1.25,3,2911,0.00165951,8,0
1320,1.5,300,3,10636,0.00541162,9,0
