"case","exit","source","target_hz","duration_ms","width","scale","backend","samples","geometry_errors","reverse_steps","late_frames","stalls","max_geometry_error","max_interval_ms","max_content_paint_ms"
"gpu-1320-120-1","0","E:/project/byname/oneui-renderer-check/examples/performance_lab/views/Gallery.one:94","60","120","1320","1","gpu","321","0","0","0","0","1.40536","6.1386","0.5228"
"gpu-1320-220-1","0","E:/project/byname/oneui-renderer-check/examples/performance_lab/views/Gallery.one:94","60","220","1320","1","gpu","533","0","0","0","0","1.49439","6.5255","0.4269"
"gpu-640-400-1","0","E:/project/byname/oneui-renderer-check/examples/performance_lab/views/Gallery.one:94","60","400","640","1","gpu","908","0","0","0","0","1.47663","6.4643","0.5168"
"gpu-960-220-1.25","0","E:/project/byname/oneui-renderer-check/examples/performance_lab/views/Gallery.one:94","60","220","960","1.25","gpu","530","0","0","0","0","1.46303","6.1851","0.4433"
"gpu-960-220-1.5","0","E:/project/byname/oneui-renderer-check/examples/performance_lab/views/Gallery.one:94","60","220","960","1.5","gpu","532","0","0","0","0","1.44494","6.8343","0.8657"
"cpu-1320-120-1","0","E:/project/byname/oneui-renderer-check/examples/performance_lab/views/Gallery.one:94","60","120","1320","1","cpu","196","0","0","0","0","1.46658","23.9951","23.1711"
"cpu-1320-220-1","0","E:/project/byname/oneui-renderer-check/examples/performance_lab/views/Gallery.one:94","60","220","1320","1","cpu","374","0","0","0","0","1.42683","23.1191","22.4163"
"cpu-640-400-1","0","E:/project/byname/oneui-renderer-check/examples/performance_lab/views/Gallery.one:94","60","400","640","1","cpu","775","0","0","0","0","1.47856","17.6456","13.2197"
"cpu-960-220-1.25","1","E:/project/byname/oneui-renderer-check/examples/performance_lab/views/Gallery.one:94","60","220","960","1.25","cpu","159","0","0","36","0","1.21149","48.3415","47.5551"
"cpu-960-220-1.5","1","E:/project/byname/oneui-renderer-check/examples/performance_lab/views/Gallery.one:94","60","220","960","1.5","cpu","213","0","0","16","1","1.37397","50.4016","49.4884"
