scale,alpha,fixture,max_channel_delta,changed_pixels
1,255,0,0,0
1,255,1,0,0
1,255,2,0,0
1,255,3,0,0
1,160,0,0,0
1,160,1,0,0
1,160,2,0,0
1,160,3,0,0
1,64,0,0,0
1,64,1,0,0
1,64,2,0,0
1,64,3,0,0
1.25,255,0,0,0
1.25,255,1,0,0
1.25,255,2,0,0
1.25,255,3,0,0
1.25,160,0,0,0
1.25,160,1,0,0
1.25,160,2,0,0
1.25,160,3,0,0
1.25,64,0,0,0
1.25,64,1,0,0
1.25,64,2,0,0
1.25,64,3,0,0
1.5,255,0,0,0
1.5,255,1,0,0
1.5,255,2,0,0
1.5,255,3,0,0
1.5,160,0,0,0
1.5,160,1,0,0
1.5,160,2,0,0
1.5,160,3,0,0
1.5,64,0,0,0
1.5,64,1,0,0
1.5,64,2,0,0
1.5,64,3,0,0
