"round","load","requested","scene","particle_mode","mesh_draws_total","mesh_fallbacks_total","mesh_vertices_total","mesh_reason","mesh_draws_sample","mesh_fallbacks_sample","mesh_vertices_sample","mesh_last_fallback","backend","device","reason","vsync","backend_changes","elapsed_ms","cpu_ms","cpu_percent","working_set_mib","private_mib","cpu_caches_available","gpu_cache_available","skia_cpu_font_cache_mib","skia_cpu_resource_cache_mib","skia_gpu_cache_mib","skia_gpu_purgeable_mib","skia_gpu_cache_limit_mib","skia_gpu_resource_count","retained_surface_estimate_mib","paint_count","paint_mean_ms","content_mean_ms","content_p95_ms","submit_mean_ms","blit_mean_ms","width","height","dpi_scale"
"1","heavy","cpu","particles","combined","0","0","0","not-requested","0","0","0","none","raster","","disabled-by-environment","0","0","5019.6407","5015.625","3.1225","62.804688","44.679688","1","0","0.084521294","0","0","0","0","0","8.125","160","31.289757","30.52722","31.6956","0","0.48175625","1320","900","1"
"1","heavy","gpu","particles","combined","0","0","0","not-requested","0","0","0","none","opengl","NVIDIA GeForce RTX 5080/PCIe/SSE2","","1","0","5004.326","5406.25","3.3759853","132.80859","183.27734","1","1","0.09444046","0","16.054321","7.4462891","256","212","4.5318604","899","5.26","3.8132363","4.1161","1.2575922","0","1320","900","1"
"1","heavy","cpu","particles","mesh","0","261","0","software-backend","0","161","0","software-backend","raster","","disabled-by-environment","0","0","4993.8503","5000","3.1288483","62.808594","44.628906","1","0","0.085050583","0","0","0","0","0","8.125","161","30.947633","30.206471","30.9226","0","0.47191739","1320","900","1"
"1","heavy","gpu","particles","mesh","2866","1","179827835","mesh","1814","0","113889381","software-backend","opengl","NVIDIA GeForce RTX 5080/PCIe/SSE2","","1","0","5001.8897","4296.875","2.6845323","126.62891","174.27344","1","1","0.094472885","0","13.085571","4.4775391","256","13","4.5318604","907","4.12591","2.7121448","3.0348","1.257999","0","1320","900","1"
"2","heavy","gpu","particles","mesh","2852","1","178951071","mesh","1802","0","113141383","software-backend","opengl","NVIDIA GeForce RTX 5080/PCIe/SSE2","","1","0","4990.2366","4000","2.5048913","126.76172","174.33203","1","1","0.094216347","0","13.085571","4.4775391","256","13","4.5318604","901","4.0707001","2.6504335","2.9581","1.2478475","0","1320","900","1"
"2","heavy","cpu","particles","mesh","0","256","0","software-backend","0","158","0","software-backend","raster","","disabled-by-environment","0","0","4973.8049","4968.75","3.121824","63.179688","44.996094","1","0","0.086514473","0","0","0","0","0","8.125","158","31.408813","30.643447","32.1485","0","0.49102025","1320","900","1"
"2","heavy","gpu","particles","combined","0","0","0","not-requested","0","0","0","none","opengl","NVIDIA GeForce RTX 5080/PCIe/SSE2","","1","0","4993.982","5390.625","3.3732006","134.49609","185.48828","1","1","0.094205856","0","15.976196","7.3681641","256","211","4.5318604","899","5.2128733","3.7986921","4.0987","1.2447588","0","1320","900","1"
"2","heavy","cpu","particles","combined","0","0","0","not-requested","0","0","0","none","raster","","disabled-by-environment","0","0","4992.3588","5000","3.1297831","62.792969","44.605469","1","0","0.085504532","0","0","0","0","0","8.125","161","30.939583","30.191601","30.6442","0","0.47244472","1320","900","1"
"3","heavy","cpu","particles","combined","0","0","0","not-requested","0","0","0","none","raster","","disabled-by-environment","0","0","5031.4173","5031.25","3.1248961","62.820312","44.648438","1","0","0.08502388","0","0","0","0","0","8.125","162","30.983947","30.237678","30.5903","0","0.47466605","1320","900","1"
"3","heavy","gpu","particles","combined","0","0","0","not-requested","0","0","0","none","opengl","NVIDIA GeForce RTX 5080/PCIe/SSE2","","1","0","5004.8325","5406.25","3.3756437","133.68359","183.9375","1","1","0.09444046","0","16.038696","7.4306641","256","212","4.5318604","904","5.1858767","3.780196","3.9591","1.2424145","0","1320","900","1"
"3","heavy","cpu","particles","mesh","0","259","0","software-backend","0","159","0","software-backend","raster","","disabled-by-environment","0","0","4979.6019","4984.375","3.1279954","62.925781","44.8125","1","0","0.089004517","0","0","0","0","0","8.125","159","31.249676","30.509136","31.1823","0","0.47358616","1320","900","1"
"3","heavy","gpu","particles","mesh","2850","1","178839490","mesh","1804","0","113272270","software-backend","opengl","NVIDIA GeForce RTX 5080/PCIe/SSE2","","1","0","4991.3625","4437.5","2.7782369","126.04297","173.66406","1","1","0.09444046","0","13.085571","4.4775391","256","13","4.5318604","902","4.3266969","2.774556","3.2778","1.3626325","0","1320","900","1"
"4","heavy","gpu","particles","mesh","2864","1","179694015","mesh","1812","0","113759838","software-backend","opengl","NVIDIA GeForce RTX 5080/PCIe/SSE2","","1","0","4989.8123","4343.75","2.7203866","124.79688","173.58594","1","1","0.093911171","0","13.085571","4.4775391","256","13","4.5318604","906","4.1820623","2.6892914","2.993","1.3286774","0","1320","900","1"
"4","heavy","cpu","particles","mesh","0","260","0","software-backend","0","160","0","software-backend","raster","","disabled-by-environment","0","0","4996.2098","5000","3.1273707","62.558594","44.335938","1","0","0.084586143","0","0","0","0","0","8.125","160","31.157774","30.400059","31.6913","0","0.48536375","1320","900","1"
"4","heavy","gpu","particles","combined","0","0","0","not-requested","0","0","0","none","opengl","NVIDIA GeForce RTX 5080/PCIe/SSE2","","1","0","5002.4572","5625","3.5138981","132.00391","182.88672","1","1","0.093719482","0","15.991821","7.3837891","256","212","4.5318604","904","5.2559882","3.8154588","3.9752","1.2548572","0","1320","900","1"
"4","heavy","cpu","particles","combined","0","0","0","not-requested","0","0","0","none","raster","","disabled-by-environment","0","0","4994.8205","5000","3.1282405","62.867188","44.699219","1","0","0.086803436","0","0","0","0","0","8.125","161","30.955095","30.212429","30.5523","0","0.47238509","1320","900","1"
"5","heavy","cpu","particles","combined","0","0","0","not-requested","0","0","0","none","raster","","disabled-by-environment","0","0","4981.934","4984.375","3.1265312","62.816406","44.695312","1","0","0.08656311","0","0","0","0","0","8.125","160","31.071319","30.333649","30.6039","0","0.47088375","1320","900","1"
"5","heavy","gpu","particles","combined","0","0","0","not-requested","0","0","0","none","opengl","NVIDIA GeForce RTX 5080/PCIe/SSE2","","1","0","4993.7205","5437.5","3.402711","132.27344","185.22266","1","1","0.094205856","0","15.851196","7.2431641","256","208","4.5318604","896","5.2495117","3.8189852","4.2619","1.25531","0","1320","900","1"
"5","heavy","cpu","particles","mesh","0","260","0","software-backend","0","160","0","software-backend","raster","","disabled-by-environment","0","0","4998.838","5000","3.1257264","62.621094","44.394531","1","0","0.085280418","0","0","0","0","0","8.125","160","31.17182","30.417973","31.016","0","0.47858313","1320","900","1"
"5","heavy","gpu","particles","mesh","2864","1","179700763","mesh","1812","0","113758991","software-backend","opengl","NVIDIA GeForce RTX 5080/PCIe/SSE2","","1","0","4994.3769","4125","2.5810277","127.01562","175.44141","1","1","0.094424248","0","13.085571","4.4775391","256","13","4.5318604","906","4.1276673","2.6842809","3.0435","1.2923287","0","1320","900","1"
