round,entry,build_ms,widgets,subscriptions,styles
1,code,10.792,207,71,204
1,template,11.7114,207,71,204
2,template,22.7921,207,71,204
2,code,11.0102,207,71,204
3,code,11.0154,207,71,204
3,template,11.5359,207,71,204
4,template,11.4785,207,71,204
4,code,10.938,207,71,204
5,code,10.8231,207,71,204
5,template,14.6916,207,71,204
6,template,11.6895,207,71,204
6,code,10.7419,207,71,204
7,code,10.9396,207,71,204
7,template,11.4718,207,71,204
8,template,11.5275,207,71,204
8,code,10.8247,207,71,204
9,code,10.7436,207,71,204
9,template,22.3294,207,71,204
10,template,11.3724,207,71,204
10,code,10.6738,207,71,204
