"round","load","requested","scene","backend","device","reason","vsync","backend_changes","elapsed_ms","cpu_ms","cpu_percent","working_set_mib","private_mib","cpu_caches_available","gpu_cache_available","skia_cpu_font_cache_mib","skia_cpu_resource_cache_mib","skia_gpu_cache_mib","skia_gpu_purgeable_mib","skia_gpu_cache_limit_mib","skia_gpu_resource_count","retained_surface_estimate_mib","paint_count","paint_mean_ms","content_mean_ms","content_p95_ms","submit_mean_ms","blit_mean_ms","width","height","dpi_scale"
"1","heavy","cpu","idle","raster","","disabled-by-environment","0","0","5002.2422","0","0","69.316406","49.789062","1","0","0.052052498","0","0","0","0","0","8.125","0","0","0","0","0","0","1320","900","1"
"1","heavy","gpu","idle","opengl","NVIDIA GeForce RTX 5080/PCIe/SSE2","","1","0","5002.2195","0","0","97.949219","141.59766","1","1","0.054477692","0","8.7037354","0.125","256","7","4.5318604","0","0","0","0","0","0","1320","900","1"
"1","heavy","cpu","table","raster","","disabled-by-environment","0","0","5002.0308","2250","1.4056791","71.425781","52.128906","1","0","0.052052498","0","0","0","0","0","8.125","300","7.268468","6.6577217","7.7793","0","0.35522733","1320","900","1"
"1","heavy","gpu","table","opengl","NVIDIA GeForce RTX 5080/PCIe/SSE2","","1","0","5004.7655","312.5","0.19512652","118.03906","160.71875","1","1","0.054477692","0","8.7330322","0.125","256","8","4.5318604","300","0.792646","0.36788667","0.5246","0.16815433","0","1320","900","1"
"1","heavy","cpu","chart","raster","","disabled-by-environment","0","0","4987.3653","4984.375","3.1231263","68.15625","50.488281","1","0","0.10073185","0","0","0","0","0","8.125","426","11.646958","10.960135","11.5464","0","0.42067207","1320","900","1"
"1","heavy","gpu","chart","opengl","NVIDIA GeForce RTX 5080/PCIe/SSE2","","1","0","5005.3453","3125","1.9510392","123.98438","173.12109","1","1","0.10473061","0","11.869811","2.5117788","256","25","4.5318604","910","3.2403129","2.3805434","2.6902","0.71155396","0","1320","900","1"
"1","heavy","cpu","particles","raster","","disabled-by-environment","0","0","5009.108","5015.625","3.1290657","62.960938","45.015625","1","0","0.089053154","0","0","0","0","0","8.125","159","31.43297","30.695962","31.5489","0","0.46570063","1320","900","1"
"1","heavy","gpu","particles","opengl","NVIDIA GeForce RTX 5080/PCIe/SSE2","","1","0","4989.53","5312.5","3.3272798","133.79297","186.66797","1","1","0.094200134","0","15.929321","7.3212891","256","210","4.5318604","899","5.330306","3.8878929","4.0133","1.2344784","0","1320","900","1"
"2","heavy","gpu","idle","opengl","NVIDIA GeForce RTX 5080/PCIe/SSE2","","1","0","5003.1666","0","0","98.007812","140.29297","1","1","0.054477692","0","8.7037354","0.125","256","7","4.5318604","0","0","0","0","0","0","1320","900","1"
"2","heavy","cpu","idle","raster","","disabled-by-environment","0","0","5004.5129","0","0","69.226562","49.695312","1","0","0.052052498","0","0","0","0","0","8.125","0","0","0","0","0","0","1320","900","1"
"2","heavy","gpu","table","opengl","NVIDIA GeForce RTX 5080/PCIe/SSE2","","1","0","4989.5246","312.5","0.19572255","118","160.41406","1","1","0.054477692","0","8.7350349","0.12700272","256","10","4.5318604","300","0.78792733","0.36644433","0.5237","0.165778","0","1320","900","1"
"2","heavy","cpu","table","raster","","disabled-by-environment","0","0","5001.2612","2093.75","1.3082638","71.316406","52","1","0","0.052052498","0","0","0","0","0","8.125","300","7.3085513","6.666059","8.0045","0","0.37686267","1320","900","1"
"2","heavy","gpu","chart","opengl","NVIDIA GeForce RTX 5080/PCIe/SSE2","","1","0","5002.4733","3156.25","1.9716809","124.16797","174.05078","1","1","0.10447407","0","11.869811","2.5117788","256","25","4.5318604","910","3.1809196","2.3398619","2.5704","0.70637659","0","1320","900","1"
"2","heavy","cpu","chart","raster","","disabled-by-environment","0","0","4986.7925","4984.375","3.1234851","67.632812","49.679688","1","0","0.10075283","0","0","0","0","0","8.125","426","11.64751","10.977303","11.388","0","0.41075986","1320","900","1"
"2","heavy","gpu","particles","opengl","NVIDIA GeForce RTX 5080/PCIe/SSE2","","1","0","5006.069","5406.25","3.3748099","131.41406","184.55469","1","1","0.09396553","0","15.944946","7.3369141","256","210","4.5318604","902","5.3136222","3.8814705","4.0528","1.2331486","0","1320","900","1"
"2","heavy","cpu","particles","raster","","disabled-by-environment","0","0","5017.2777","5015.625","3.1239706","62.058594","43.878906","1","0","0.084553719","0","0","0","0","0","8.125","160","31.290496","30.572809","30.9246","0","0.4540875","1320","900","1"
"3","heavy","cpu","idle","raster","","disabled-by-environment","0","0","5002.6413","0","0","69.234375","49.714844","1","0","0.052052498","0","0","0","0","0","8.125","0","0","0","0","0","0","1320","900","1"
"3","heavy","gpu","idle","opengl","NVIDIA GeForce RTX 5080/PCIe/SSE2","","1","0","4986.9267","0","0","97.902344","141.19141","1","1","0.054477692","0","8.7037354","0.125","256","7","4.5318604","0","0","0","0","0","0","1320","900","1"
"3","heavy","cpu","table","raster","","disabled-by-environment","0","0","4987.2244","2421.875","1.5175494","71.34375","52.03125","1","0","0.052052498","0","0","0","0","0","8.125","300","7.3196917","6.686919","7.8302","0","0.371814","1320","900","1"
"3","heavy","gpu","table","opengl","NVIDIA GeForce RTX 5080/PCIe/SSE2","","1","0","5001.4295","421.875","0.26359651","120.38672","162.92969","1","1","0.054477692","0","8.7350349","0.12700272","256","10","4.5318604","300","0.78688067","0.36720067","0.5178","0.16616967","0","1320","900","1"
"3","heavy","cpu","chart","raster","","disabled-by-environment","0","0","4988.4046","4968.75","3.1126873","67.929688","50.148438","1","0","0.10049725","0","0","0","0","0","8.125","427","11.625725","10.955431","11.2905","0","0.41054005","1320","900","1"
"3","heavy","gpu","chart","opengl","NVIDIA GeForce RTX 5080/PCIe/SSE2","","1","0","5005.5143","3187.5","1.9899928","124.43359","172.33984","1","1","0.10447407","0","11.869811","2.5117788","256","25","4.5318604","910","3.1758359","2.3284742","2.5239","0.71312571","0","1320","900","1"
"3","heavy","cpu","particles","raster","","disabled-by-environment","0","0","4978.7587","4968.75","3.1187179","62.246094","44.078125","1","0","0.084531784","0","0","0","0","0","8.125","157","31.642271","30.903519","31.9002","0","0.46554395","1320","900","1"
"3","heavy","gpu","particles","opengl","NVIDIA GeForce RTX 5080/PCIe/SSE2","","1","0","5005.2578","5437.5","3.3948676","132.23438","182.84766","1","1","0.094205856","0","16.101196","7.4931641","256","213","4.5318604","900","5.3555622","3.8966814","4.0672","1.2413172","0","1320","900","1"
