segment,time_ms,progress,section_height,expected_height,paint_ms
0,173508451.463200,0.861484,300.000000,296.793606,0.344200
0,173508452.924600,0.974793,311.000000,310.050783,0.160200
0,173508457.533800,0.886384,302.000000,299.706950,0.185300
0,173508462.972000,0.797278,294.000000,289.281504,0.149800
0,173508468.576400,0.714350,286.000000,279.578934,0.166400
0,173508474.756200,0.637430,278.000000,270.579304,0.175100
0,173508479.443000,0.566066,271.000000,262.229697,0.138400
0,173508485.025800,0.500437,265.000000,254.551090,0.166300
0,173508490.500900,0.440017,259.000000,247.481931,0.170200
0,173508495.987900,0.384656,254.000000,241.004736,0.166500
0,173508501.502600,0.334166,249.000000,235.097431,0.156600
0,173508506.931600,0.288310,244.000000,229.732286,0.144900
0,173508512.898600,0.246293,240.000000,224.816224,0.141800
0,173508517.949800,0.209533,237.000000,220.515316,0.129300
0,173508523.412600,0.176184,234.000000,216.613521,0.131800
0,173508528.907000,0.146603,231.000000,213.152571,0.128000
0,173508534.462200,0.120509,228.000000,210.099498,0.132000
0,173508539.906200,0.097746,226.000000,207.436228,0.129100
0,173508545.459500,0.077999,224.000000,205.125857,0.140900
0,173508550.998500,0.061135,222.000000,203.152767,0.146900
0,173508556.500600,0.046889,221.000000,201.486064,0.147700
0,173508561.911100,0.035051,220.000000,200.100945,0.130400
0,173508567.399500,0.025396,219.000000,198.971350,0.102600
0,173508572.903400,0.017696,218.000000,198.070474,0.125500
0,173508578.580700,0.011732,218.000000,197.372586,0.178600
0,173508584.132700,0.007288,217.000000,196.852654,0.191300
0,173508589.433900,0.004134,217.000000,196.483657,0.143000
0,173508595.109300,0.002050,217.000000,196.239829,0.097100
0,173508600.412400,0.000829,217.000000,196.096938,0.091300
0,173508606.167300,0.000220,217.000000,196.025779,0.180900
0,173508611.451700,0.000020,217.000000,196.002369,0.140700
0,173508617.215400,0.000000,196.000000,196.000000,0.265100
1,173508962.584600,0.105172,227.000000,208.305130,0.392500
1,173508963.532900,0.016009,218.000000,197.873030,0.118400
1,173508968.392500,0.083010,225.000000,205.712224,0.115100
1,173508973.891600,0.152101,231.000000,213.795769,0.112200
1,173508979.059800,0.212930,237.000000,220.912862,0.105700
1,173508984.683700,0.275257,243.000000,228.205120,0.194000
1,173508989.978600,0.333992,249.000000,235.077051,0.102100
1,173508995.459700,0.388735,254.000000,241.481949,0.116600
1,173509001.188300,0.441321,259.000000,247.634615,0.275900
1,173509006.451400,0.490532,264.000000,253.392238,0.138200
1,173509011.989100,0.536882,269.000000,258.815178,0.137200
1,173509017.539900,0.580339,273.000000,263.899623,0.190300
1,173509022.402500,0.617504,276.000000,268.247947,0.097700
1,173509027.983500,0.655759,280.000000,272.723807,0.105100
1,173509033.431100,0.691287,284.000000,276.880542,0.108800
1,173509038.969300,0.723960,287.000000,280.703304,0.151500
1,173509044.482500,0.754560,290.000000,284.283526,0.103500
1,173509050.100800,0.782843,292.000000,287.592672,0.183900
1,173509055.459200,0.808756,295.000000,290.624430,0.160900
1,173509060.955800,0.832587,297.000000,293.412735,0.147800
1,173509066.428300,0.854366,299.000000,295.960795,0.141600
1,173509071.941800,0.874164,301.000000,298.277179,0.167900
1,173509077.507800,0.892049,303.000000,300.369707,0.164900
1,173509082.919600,0.908178,305.000000,302.256781,0.138800
1,173509088.408800,0.922618,306.000000,303.946268,0.135700
1,173509094.004000,0.935462,307.000000,305.449054,0.133400
1,173509099.673800,0.946824,308.000000,306.778354,0.119100
1,173509104.922100,0.956717,309.000000,307.935842,0.109800
1,173509110.478100,0.965337,310.000000,308.944406,0.109800
1,173509116.151000,0.972699,311.000000,309.805761,0.210100
1,173509121.418100,0.978956,311.000000,310.537829,0.121500
1,173509126.919200,0.984165,312.000000,311.147355,0.111900
1,173509132.985500,0.988536,312.000000,311.658761,0.209800
1,173509137.932800,0.991865,313.000000,312.048189,0.128000
1,173509143.673900,0.994542,313.000000,312.361359,0.238300
1,173509148.997000,0.996548,313.000000,312.596137,0.170900
1,173509154.429500,0.997994,313.000000,312.765327,0.121100
1,173509159.971800,0.998967,313.000000,312.879138,0.107000
1,173509165.554100,0.999559,313.000000,312.948457,0.194600
1,173509170.895500,0.999866,313.000000,312.984358,0.119000
1,173509176.584700,0.999982,313.000000,312.997922,0.207800
1,173509182.029600,1.000000,313.000000,313.000000,0.183300
1,173509187.463000,1.000000,313.000000,313.000000,0.170400
2,173509473.804300,0.861484,300.000000,296.793606,0.305300
2,173509474.894000,0.976193,311.000000,310.214610,0.130400
2,173509479.885200,0.883348,302.000000,299.351673,0.125100
2,173509485.398900,0.794491,294.000000,288.955397,0.124000
2,173509490.959300,0.711702,286.000000,279.269084,0.123000
2,173509496.384800,0.634865,278.000000,270.279245,0.115700
2,173509501.875500,0.563879,271.000000,261.973824,0.107300
2,173509507.466700,0.498366,265.000000,254.308860,0.137300
2,173509512.952600,0.438156,259.000000,247.264288,0.148500
2,173509518.418300,0.382943,254.000000,240.804311,0.135200
2,173509524.165500,0.332491,249.000000,234.901487,0.265100
2,173509529.447200,0.286838,244.000000,229.560087,0.144300
2,173509535.312700,0.244980,240.000000,224.662703,0.137300
2,173509540.442100,0.208352,237.000000,220.377194,0.125100
2,173509545.889800,0.175139,233.000000,216.491219,0.116600
2,173509551.445200,0.145660,231.000000,213.042208,0.128700
2,173509556.960300,0.119705,228.000000,210.005458,0.124700
2,173509562.374700,0.097030,226.000000,207.352519,0.115300
2,173509567.862900,0.077407,224.000000,205.056636,0.107400
2,173509573.414300,0.060629,222.000000,203.093607,0.112800
2,173509578.870500,0.046468,221.000000,201.436699,0.108200
2,173509584.496400,0.034688,220.000000,200.058465,0.175500
2,173509590.030700,0.025116,219.000000,198.938518,0.127400
2,173509595.411200,0.017471,218.000000,198.044121,0.118200
2,173509600.954000,0.011563,218.000000,197.352813,0.148400
2,173509606.479200,0.007164,217.000000,196.838168,0.135500
2,173509611.894700,0.004056,217.000000,196.474596,0.107700
2,173509617.521500,0.002006,217.000000,196.234744,0.169400
2,173509623.000300,0.000799,217.000000,196.093537,0.149900
2,173509628.399600,0.000211,217.000000,196.024654,0.126800
2,173509633.907400,0.000018,217.000000,196.002090,0.120700
2,173509639.429100,0.000000,196.000000,196.000000,0.121200
3,173509985.542200,0.105172,227.000000,208.305130,0.451800
3,173509986.638400,0.019698,218.000000,198.304650,0.142700
3,173509991.389100,0.086988,225.000000,206.177623,0.118600
3,173509996.884600,0.155755,232.000000,214.223361,0.111200
3,173510002.405900,0.220954,238.000000,221.851636,0.106900
3,173510007.879000,0.282749,244.000000,229.081681,0.111300
3,173510013.357400,0.341176,250.000000,235.917585,0.101900
3,173510019.079800,0.396403,255.000000,242.379093,0.135400
3,173510024.505500,0.448397,260.000000,248.462478,0.172500
3,173510029.938900,0.497337,265.000000,254.188392,0.102200
3,173510035.578000,0.543261,269.000000,259.561515,0.180800
3,173510040.937900,0.586307,273.000000,264.597953,0.140000
3,173510046.837400,0.627729,277.000000,269.444272,0.136300
3,173510052.096600,0.664137,281.000000,273.704016,0.168200
3,173510057.376000,0.699094,284.000000,277.794040,0.101400
3,173510062.979500,0.731491,287.000000,281.584492,0.168700
3,173510068.485700,0.761545,290.000000,285.100779,0.148700
3,173510073.970700,0.789259,293.000000,288.343249,0.148000
3,173510079.487600,0.814705,296.000000,291.320494,0.175500
3,173510085.099700,0.838125,298.000000,294.060582,0.152300
3,173510090.503700,0.859323,300.000000,296.540752,0.153300
3,173510095.921200,0.878635,302.000000,298.800343,0.142100
3,173510101.480100,0.896142,303.000000,300.848622,0.133000
3,173510106.970200,0.911809,305.000000,302.681614,0.170700
3,173510112.441300,0.925844,306.000000,304.323736,0.153500
3,173510118.088400,0.938342,308.000000,305.785969,0.206800
3,173510123.440900,0.949309,309.000000,307.069187,0.155400
3,173510128.922700,0.958915,310.000000,308.193013,0.127900
3,173510134.567300,0.967208,310.000000,309.163297,0.185400
3,173510140.237800,0.974350,311.000000,309.998982,0.178900
3,173510145.469100,0.980301,312.000000,310.695248,0.162200
3,173510150.966800,0.985270,312.000000,311.276586,0.140700
3,173510156.424100,0.989338,312.000000,311.752600,0.140500
3,173510161.904500,0.992573,313.000000,312.131023,0.123700
3,173510167.543000,0.995080,313.000000,312.424317,0.170500
3,173510172.907100,0.996947,313.000000,312.642742,0.126900
3,173510178.365500,0.998267,313.000000,312.797259,0.098200
3,173510184.074500,0.999140,313.000000,312.899432,0.184700
3,173510189.519000,0.999657,313.000000,312.959908,0.169200
3,173510194.942100,0.999908,313.000000,312.989246,0.103200
3,173510200.438000,0.999992,313.000000,312.999052,0.099600
3,173510206.012500,1.000000,313.000000,313.000000,0.188400
4,173510495.710800,0.861484,300.000000,296.793606,0.267600
4,173510496.774300,0.980020,312.000000,310.662345,0.167000
4,173510501.479900,0.891775,303.000000,300.337732,0.122100
4,173510506.944500,0.802475,294.000000,289.889523,0.102400
4,173510512.077700,0.725029,287.000000,280.828441,0.095700
4,173510517.527900,0.647359,279.000000,271.740984,0.094100
4,173510523.031400,0.575343,272.000000,263.315112,0.095400
4,173510528.540800,0.509527,266.000000,255.614613,0.108200
4,173510534.067600,0.448333,260.000000,248.454922,0.133600
4,173510539.572200,0.392285,255.000000,241.897291,0.126700
4,173510545.064200,0.341102,250.000000,235.908969,0.124500
4,173510550.028300,0.298365,245.000000,230.908698,0.109300
4,173510555.415400,0.256801,241.000000,226.045694,0.103500
4,173510560.932400,0.218436,238.000000,221.557030,0.096200
4,173510566.386300,0.184171,234.000000,217.547955,0.094000
4,173510571.886700,0.153658,231.000000,213.978004,0.093100
4,173510576.950400,0.128908,229.000000,211.082207,0.094600
4,173510582.343000,0.105287,227.000000,208.318528,0.089800
4,173510588.171400,0.084256,225.000000,205.857911,0.121500
4,173510593.377100,0.066695,223.000000,203.803281,0.088300
4,173510598.850900,0.051569,222.000000,202.033570,0.097700
4,173510604.360400,0.038874,220.000000,200.548242,0.090500
4,173510609.488800,0.029299,219.000000,199.427932,0.093700
4,173510615.025600,0.020797,219.000000,198.433299,0.171400
4,173510620.022300,0.014559,218.000000,197.703347,0.111400
4,173510625.504700,0.009374,217.000000,197.096762,0.092600
4,173510630.959200,0.005594,217.000000,196.654487,0.083800
4,173510636.480900,0.002994,217.000000,196.350305,0.092600
4,173510642.077000,0.001359,217.000000,196.159061,0.116400
4,173510647.502700,0.000465,217.000000,196.054365,0.101800
4,173510652.504700,0.000104,217.000000,196.012198,0.095300
4,173510658.048200,0.000003,217.000000,196.000302,0.092800
4,173510663.494400,0.000000,196.000000,196.000000,0.093800
5,173511006.835800,0.105172,227.000000,208.305130,0.498500
5,173511007.786400,0.019539,218.000000,198.286071,0.113600
5,173511012.716700,0.087675,225.000000,206.257936,0.105200
5,173511018.202200,0.156388,232.000000,214.297452,0.099600
5,173511023.815200,0.221692,238.000000,221.937925,0.103900
5,173511029.278500,0.283466,244.000000,229.165516,0.137100
5,173511034.849200,0.341910,250.000000,236.003443,0.114800
5,173511040.274500,0.396900,255.000000,242.437307,0.118500
5,173511045.736200,0.448863,260.000000,248.516974,0.119700
5,173511051.221100,0.497808,265.000000,254.243548,0.106300
5,173511056.753900,0.543712,269.000000,259.614299,0.103500
5,173511062.212300,0.586686,273.000000,264.642229,0.103300
5,173511068.356400,0.627861,277.000000,269.459705,0.099400
5,173511073.250300,0.664472,281.000000,273.743243,0.100700
5,173511078.721600,0.699395,284.000000,277.829201,0.095200
5,173511084.199100,0.731816,287.000000,281.622527,0.096600
5,173511089.887100,0.761905,290.000000,285.142845,0.105500
5,173511095.196000,0.789488,293.000000,288.370133,0.092100
5,173511100.727800,0.814955,296.000000,291.349728,0.109500
5,173511106.242300,0.838226,298.000000,294.072423,0.101800
5,173511111.708800,0.859486,300.000000,296.559860,0.106000
5,173511117.240100,0.878806,302.000000,298.820322,0.113500
5,173511122.773800,0.896274,303.000000,300.864089,0.115100
5,173511128.253200,0.911951,305.000000,302.698323,0.127500
5,173511133.812000,0.925983,306.000000,304.340033,0.153800
5,173511139.378200,0.938437,308.000000,305.797092,0.155300
5,173511144.792600,0.949412,309.000000,307.081175,0.143200
5,173511150.296300,0.958992,310.000000,308.202009,0.153500
5,173511155.814100,0.967267,310.000000,309.170229,0.148000
5,173511161.260400,0.974363,311.000000,310.000495,0.138300
5,173511166.758100,0.980347,312.000000,310.700555,0.134700
5,173511172.302700,0.985318,312.000000,311.282255,0.126700
5,173511177.754500,0.989371,312.000000,311.756456,0.131600
5,173511183.313300,0.992603,313.000000,312.134524,0.147900
5,173511188.817600,0.995098,313.000000,312.426458,0.139300
5,173511194.418300,0.996962,313.000000,312.644576,0.222500
5,173511199.938800,0.998282,313.000000,312.799045,0.218300
5,173511205.450900,0.999149,313.000000,312.900401,0.199800
5,173511210.851900,0.999659,313.000000,312.960117,0.169400
5,173511216.279000,0.999910,313.000000,312.989435,0.149500
5,173511221.794000,0.999992,313.000000,312.999079,0.132200
5,173511227.275400,1.000000,313.000000,313.000000,0.118900
6,173511518.239100,0.861484,300.000000,296.793606,0.286100
6,173511519.232300,0.975771,311.000000,310.165215,0.140300
6,173511524.436000,0.883868,302.000000,299.412588,0.243400
6,173511529.788200,0.794976,294.000000,289.012164,0.128100
6,173511535.311300,0.712287,286.000000,279.337608,0.135900
6,173511540.800100,0.635469,278.000000,270.349819,0.154000
6,173511546.280600,0.564408,271.000000,262.035695,0.149200
6,173511551.817000,0.498809,265.000000,254.360623,0.144500
6,173511557.284300,0.438537,259.000000,247.308850,0.131800
6,173511562.753200,0.383241,254.000000,240.839207,0.127300
6,173511568.267700,0.332935,249.000000,234.953375,0.116100
6,173511573.736100,0.287133,244.000000,229.594611,0.119300
6,173511580.163900,0.244569,240.000000,224.614589,0.131100
6,173511584.829900,0.208536,237.000000,220.398731,0.126000
6,173511590.223000,0.175376,234.000000,216.518999,0.112900
6,173511595.748200,0.145849,231.000000,213.064300,0.123000
6,173511601.281800,0.119872,228.000000,210.024997,0.123900
6,173511606.725600,0.097182,226.000000,207.370316,0.115500
6,173511612.232400,0.077533,224.000000,205.071365,0.116100
6,173511617.792200,0.060737,222.000000,203.106255,0.111400
6,173511623.384700,0.046520,221.000000,201.442887,0.199800
6,173511628.723900,0.034776,220.000000,200.068768,0.110500
6,173511634.259500,0.025177,219.000000,198.945748,0.113600
6,173511639.919900,0.017512,218.000000,198.048852,0.199300
6,173511645.249400,0.011607,218.000000,197.358030,0.117700
6,173511650.796400,0.007197,217.000000,196.842055,0.128500
6,173511656.230600,0.004074,217.000000,196.476661,0.112400
6,173511661.734800,0.002021,217.000000,196.236399,0.117400
6,173511667.286200,0.000806,217.000000,196.094349,0.109400
6,173511672.812000,0.000211,217.000000,196.024728,0.110700
6,173511678.359000,0.000018,217.000000,196.002137,0.179000
6,173511683.805200,0.000000,196.000000,196.000000,0.101500
7,173512028.955600,0.105172,227.000000,208.305130,0.403800
7,173512029.964100,0.016129,218.000000,197.887077,0.131500
7,173512034.905600,0.083575,225.000000,205.778319,0.171800
7,173512040.272000,0.152171,231.000000,213.804058,0.139400
7,173512045.845600,0.217535,238.000000,221.451618,0.145800
7,173512051.316000,0.279632,244.000000,228.716941,0.149500
7,173512056.786600,0.338187,249.000000,235.567828,0.142800
7,173512062.341500,0.393517,255.000000,242.041491,0.149300
7,173512067.855700,0.445654,260.000000,248.141522,0.223200
7,173512073.402900,0.494794,264.000000,253.890952,0.207000
7,173512078.840600,0.540836,269.000000,259.277809,0.143800
7,173512084.584400,0.584106,273.000000,264.340349,0.283700
7,173512089.805700,0.624478,277.000000,269.063868,0.111200
7,173512095.265600,0.662176,281.000000,273.474538,0.109000
7,173512100.714900,0.697225,284.000000,277.575294,0.108100
7,173512106.227100,0.729817,287.000000,281.388593,0.112600
7,173512111.787000,0.759983,290.000000,284.918046,0.123400
7,173512117.288700,0.787812,293.000000,288.173982,0.133700
7,173512122.813800,0.813374,295.000000,291.164763,0.160700
7,173512128.322000,0.836803,298.000000,293.906009,0.146700
7,173512133.774100,0.858198,300.000000,296.409123,0.148100
7,173512139.414900,0.877646,302.000000,298.684620,0.228600
7,173512144.878300,0.895217,303.000000,300.740396,0.142000
7,173512150.260700,0.911001,305.000000,302.587127,0.136400
7,173512155.844400,0.925139,306.000000,304.241306,0.157600
7,173512161.457000,0.937693,307.000000,305.710102,0.181900
7,173512166.801200,0.948742,309.000000,307.002811,0.159300
7,173512172.544900,0.958422,309.000000,308.135354,0.302700
7,173512177.816900,0.966777,310.000000,309.112919,0.134100
7,173512183.440800,0.974042,311.000000,309.962928,0.131400
7,173512188.933600,0.980015,312.000000,310.661788,0.189300
7,173512194.308400,0.985028,312.000000,311.248237,0.138500
7,173512199.790800,0.989138,312.000000,311.729203,0.141600
7,173512205.267100,0.992415,313.000000,312.112591,0.145100
7,173512210.780300,0.994958,313.000000,312.410126,0.124800
7,173512216.214200,0.996856,313.000000,312.632184,0.106700
7,173512221.706100,0.998207,313.000000,312.790188,0.100700
7,173512227.423700,0.999103,313.000000,312.895066,0.198600
7,173512232.744700,0.999635,313.000000,312.957293,0.118100
7,173512238.382300,0.999900,313.000000,312.988277,0.204000
7,173512243.911100,0.999990,313.000000,312.998849,0.193400
7,173512249.250200,1.000000,313.000000,313.000000,0.118600
8,173512540.642300,0.861484,300.000000,296.793606,0.269500
8,173512541.613400,0.977675,311.000000,310.388033,0.130700
8,173512546.700900,0.884994,302.000000,299.544308,0.130900
8,173512552.168700,0.795983,294.000000,289.129957,0.107200
8,173512557.914800,0.712966,286.000000,279.417039,0.205100
8,173512563.242300,0.636342,278.000000,270.452069,0.141400
8,173512568.710300,0.565218,271.000000,262.130468,0.137000
8,173512574.252700,0.499627,265.000000,254.456341,0.138500
8,173512579.194400,0.444293,260.000000,247.982325,0.115100
8,173512584.698800,0.388575,254.000000,241.463315,0.101300
8,173512590.206200,0.337721,249.000000,235.513363,0.096900
8,173512595.877800,0.291375,245.000000,230.090887,0.199300
8,173512601.187100,0.249790,241.000000,225.225452,0.118900
8,173512606.491100,0.213604,237.000000,220.991681,0.109400
8,173512611.677400,0.181384,234.000000,217.221976,0.098700
8,173512617.400100,0.150777,231.000000,213.640940,0.099300
8,173512622.705900,0.124567,229.000000,210.574376,0.095800
8,173512628.166300,0.101221,226.000000,207.842875,0.091800
8,173512633.366000,0.082515,225.000000,205.654254,0.096700
8,173512638.496400,0.065777,223.000000,203.695952,0.091100
8,173512643.953200,0.050793,221.000000,201.942783,0.089700
8,173512649.465200,0.038273,220.000000,200.477888,0.090900
8,173512655.175300,0.027941,219.000000,199.269097,0.178600
8,173512660.490700,0.019714,218.000000,198.306495,0.091400
8,173512666.023500,0.013269,218.000000,197.552438,0.101200
8,173512671.605200,0.008414,217.000000,196.984420,0.116900
8,173512677.019900,0.004921,217.000000,196.575731,0.101800
8,173512682.021900,0.002724,217.000000,196.318715,0.088700
8,173512687.551900,0.001202,217.000000,196.140675,0.085700
8,173512693.009800,0.000389,217.000000,196.045506,0.084100
8,173512698.577200,0.000062,217.000000,196.007271,0.115500
8,173512704.073300,0.000000,217.000000,196.000030,0.102900
8,173512709.592900,0.000000,196.000000,196.000000,0.105400
9,173513051.510500,0.105172,227.000000,208.305130,0.394100
9,173513052.409800,0.017964,218.000000,198.101744,0.115300
9,173513057.177400,0.084047,225.000000,205.833554,0.106500
9,173513062.178700,0.147056,231.000000,213.205601,0.097000
9,173513067.234700,0.207132,237.000000,220.234435,0.098100
9,173513072.804300,0.269680,243.000000,227.552605,0.132700
9,173513078.258000,0.328818,248.000000,234.471733,0.124500
9,173513083.800100,0.384678,254.000000,241.007344,0.130800
9,173513088.754900,0.432905,258.000000,246.649845,0.103400
9,173513094.503700,0.482645,263.000000,252.469431,0.105900
9,173513099.535300,0.527614,268.000000,257.730859,0.106800
9,173513104.796000,0.568842,272.000000,262.554478,0.150000
9,173513110.126400,0.610199,276.000000,267.393294,0.107700
9,173513115.742600,0.648859,279.000000,271.916555,0.133000
9,173513121.134600,0.684863,283.000000,276.128989,0.112800
9,173513126.630500,0.718374,286.000000,280.049746,0.107600
9,173513132.180600,0.749406,289.000000,283.680500,0.107000
9,173513137.638200,0.778106,292.000000,287.038385,0.101600
9,173513143.156900,0.804515,295.000000,290.128235,0.114100
9,173513148.687000,0.828685,297.000000,292.956101,0.109900
9,173513154.161700,0.850816,299.000000,295.545425,0.114100
9,173513159.703500,0.870918,301.000000,297.897438,0.130100
9,173513165.208600,0.889140,303.000000,300.029395,0.125000
9,173513170.657600,0.905565,304.000000,301.951087,0.116400
9,173513176.180600,0.920284,306.000000,303.673260,0.125100
9,173513181.736400,0.933379,307.000000,305.205328,0.132700
9,173513187.157900,0.944955,308.000000,306.559678,0.117000
9,173513192.274400,0.954276,309.000000,307.650288,0.114000
9,173513197.720500,0.963203,310.000000,308.694746,0.122700
9,173513202.673300,0.970261,311.000000,309.520583,0.109300
9,173513208.190400,0.976905,311.000000,310.297925,0.110200
9,173513213.759700,0.982462,312.000000,310.948018,0.128600
9,173513219.210500,0.987056,312.000000,311.485582,0.124800
9,173513224.928300,0.990767,313.000000,311.919781,0.155500
9,173513230.319400,0.993697,313.000000,312.262582,0.143100
9,173513236.460900,0.995965,313.000000,312.527871,0.192400
9,173513241.277500,0.997552,313.000000,312.713581,0.155800
9,173513246.777800,0.998676,313.000000,312.845071,0.144500
9,173513252.240500,0.999391,313.000000,312.928791,0.121800
9,173513257.806000,0.999786,313.000000,312.975006,0.171500
9,173513263.473200,0.999958,313.000000,312.995077,0.265000
9,173513268.713500,0.999999,313.000000,312.999888,0.130400
9,173513273.688100,1.000000,313.000000,313.000000,0.106900
10,173513561.615300,0.861484,300.000000,296.793606,0.274900
10,173513562.605900,0.979735,312.000000,310.628976,0.144100
10,173513567.475900,0.891006,303.000000,300.247687,0.149800
10,173513573.012800,0.801591,294.000000,289.786138,0.160300
10,173513578.618200,0.718338,286.000000,280.045582,0.169900
10,173513584.760100,0.641034,279.000000,271.000937,0.209500
10,173513589.569100,0.569537,272.000000,262.635785,0.173300
10,173513595.126600,0.503568,265.000000,254.917511,0.173700
10,173513600.496600,0.442843,259.000000,247.812574,0.147100
10,173513605.956900,0.387196,254.000000,241.301974,0.130900
10,173513611.676600,0.336337,249.000000,235.351412,0.154700
10,173513616.950100,0.290416,245.000000,229.978630,0.129700
10,173513622.443400,0.248709,241.000000,225.098991,0.124700
10,173513628.038600,0.211163,237.000000,220.706050,0.138400
10,173513633.459600,0.177699,234.000000,216.790792,0.132000
10,173513639.226800,0.147770,231.000000,213.289083,0.289000
10,173513644.518900,0.121674,228.000000,210.235862,0.132600
10,173513650.099200,0.098721,226.000000,207.550357,0.202500
10,173513655.494000,0.078886,224.000000,205.229625,0.142100
10,173513661.015000,0.061870,223.000000,203.238845,0.137300
10,173513666.462900,0.047511,221.000000,201.558772,0.136000
10,173513672.061000,0.035561,220.000000,200.160675,0.213300
10,173513677.639800,0.025783,219.000000,199.016645,0.200500
10,173513682.965800,0.018029,218.000000,198.109357,0.138600
10,173513688.490000,0.011991,218.000000,197.402944,0.148000
10,173513694.090100,0.007468,217.000000,196.873743,0.148500
10,173513699.627900,0.004249,217.000000,196.497083,0.190300
10,173513705.017700,0.002139,217.000000,196.250303,0.153100
10,173513710.510700,0.000870,217.000000,196.101754,0.132800
10,173513716.121000,0.000235,217.000000,196.027499,0.124100
10,173513721.431700,0.000024,217.000000,196.002812,0.115400
10,173513726.966400,0.000000,196.000000,196.000000,0.116600
11,173514072.435900,0.105172,227.000000,208.305130,0.399700
11,173514073.326300,0.017000,218.000000,197.989002,0.118200
11,173514078.554800,0.088585,225.000000,206.364455,0.107500
11,173514084.034900,0.157264,232.000000,214.399833,0.097200
11,173514089.126600,0.216941,238.000000,221.382102,0.113300
11,173514094.642900,0.278975,244.000000,228.640118,0.142300
11,173514100.097900,0.337545,249.000000,235.492804,0.124800
11,173514105.630000,0.392899,255.000000,241.969219,0.119900
11,173514111.080100,0.445137,260.000000,248.080997,0.111400
11,173514116.562100,0.494237,264.000000,253.825751,0.101800
11,173514122.097100,0.540380,269.000000,259.224425,0.100300
11,173514127.551200,0.583621,273.000000,264.283611,0.095900
11,173514132.563800,0.620627,277.000000,268.613316,0.090000
11,173514138.112600,0.658613,280.000000,273.057738,0.090900
11,173514143.570300,0.693935,284.000000,277.190399,0.092700
11,173514149.386200,0.727219,287.000000,281.084566,0.113700
11,173514154.677600,0.757152,290.000000,284.586786,0.096200
11,173514159.693600,0.782910,292.000000,287.600448,0.102100
11,173514165.149800,0.808864,295.000000,290.637088,0.114200
11,173514170.638700,0.832611,297.000000,293.415448,0.105500
11,173514176.096600,0.854380,299.000000,295.962475,0.103500
11,173514181.593200,0.874167,301.000000,298.277584,0.100000
11,173514187.125600,0.892077,303.000000,300.372964,0.097000
11,173514192.598900,0.908203,305.000000,302.259800,0.102400
11,173514198.149700,0.922642,306.000000,303.949113,0.128300
11,173514203.897100,0.935490,307.000000,305.452338,0.255700
11,173514208.994700,0.946570,308.000000,306.748681,0.109200
11,173514214.630600,0.956560,309.000000,307.917473,0.113400
11,173514220.304300,0.965217,310.000000,308.930430,0.241600
11,173514225.531000,0.972581,311.000000,309.792029,0.122900
11,173514230.537500,0.978350,311.000000,310.466962,0.110500
11,173514236.198500,0.983698,312.000000,311.092639,0.127000
11,173514241.086300,0.987710,312.000000,311.562049,0.110400
11,173514246.732800,0.991291,313.000000,311.981031,0.167800
11,173514252.403800,0.994098,313.000000,312.309453,0.273400
11,173514258.062500,0.996257,313.000000,312.562035,0.122800
11,173514263.120100,0.997764,313.000000,312.738338,0.111400
11,173514268.751900,0.998814,313.000000,312.861264,0.192600
11,173514274.065700,0.999472,313.000000,312.938268,0.101000
11,173514279.806500,0.999826,313.000000,312.979692,0.192900
11,173514285.099500,0.999971,313.000000,312.996562,0.105200
11,173514290.105500,0.999999,313.000000,312.999937,0.104200
11,173514295.758100,1.000000,313.000000,313.000000,0.194100
