"round","entry","shadow","requested","scene","particle_mode","mesh_draws_total","mesh_fallbacks_total","mesh_vertices_total","mesh_reason","mesh_draws_sample","mesh_fallbacks_sample","mesh_vertices_sample","mesh_last_fallback","backend","device","reason","vsync","backend_changes","elapsed_ms","cpu_ms","cpu_percent","working_set_mib","private_mib","cpu_caches_available","gpu_cache_available","skia_cpu_font_cache_mib","skia_cpu_resource_cache_mib","skia_gpu_cache_mib","skia_gpu_purgeable_mib","skia_gpu_cache_limit_mib","skia_gpu_resource_count","retained_surface_estimate_mib","paint_count","paint_mean_ms","content_mean_ms","content_p95_ms","submit_mean_ms","blit_mean_ms","width","height","dpi_scale","attempt"
"1","code","reference","cpu","effects","mesh","0","0","0","not-requested","0","0","0","none","raster","","disabled-by-environment","0","0","5003.3762","1359.375","0.84903607","118.57812","99.304688","1","0","0.10999489","0.11711979","0","0","0","0","8.125","309","4.2306751","4.0451385","14.1903","0","0.10813722","1320","1000","1","0"
"1","code","reference","gpu","effects","mesh","0","0","0","not-requested","0","0","0","none","opengl","NVIDIA GeForce RTX 5080/PCIe/SSE2","","1","0","5002.1806","531.25","0.33188651","170.43359","305.8125","1","1","0.11242008","0.14315891","77.780563","68.448288","256","145","5.0354004","340","1.0628121","0.66703382","12.8147","0.22361294","0","1320","1000","1","0"
"1","code","reference","cpu","effects-idle","mesh","0","0","0","not-requested","0","0","0","none","raster","","disabled-by-environment","0","0","5004.1356","0","0","99.152344","78.21875","1","0","0.10930824","0.054110527","0","0","0","0","8.125","0","0","0","0","0","0","1320","1000","1","0"
"1","code","reference","gpu","effects-idle","mesh","0","0","0","not-requested","0","0","0","none","opengl","NVIDIA GeForce RTX 5080/PCIe/SSE2","","1","0","5002.7081","0","0","146.57422","250.04688","1","1","0.11173344","0.071695328","55.258011","45.925735","256","95","5.0354004","0","0","0","0","0","0","1320","1000","1","0"
"1","code","optimized","cpu","effects","mesh","0","0","0","not-requested","0","0","0","none","raster","","disabled-by-environment","0","0","5002.3287","1437.5","0.89801926","119.19531","98.429688","1","0","0.10999489","0.1154108","0","0","0","0","8.125","306","4.3015873","4.1120536","14.4516","0","0.1109683","1320","1000","1","0"
"1","code","optimized","gpu","effects","mesh","0","0","0","not-requested","0","0","0","none","opengl","NVIDIA GeForce RTX 5080/PCIe/SSE2","","1","0","4999.9341","484.375","0.30273837","109.28125","158.375","1","1","0.11242008","0.12639141","12.639397","3.3071213","256","76","5.0354004","358","0.61598101","0.20318855","0.7035","0.24980838","0","1320","1000","1","0"
"1","code","optimized","cpu","effects-idle","mesh","0","0","0","not-requested","0","0","0","none","raster","","disabled-by-environment","0","0","4997.9455","0","0","92.144531","72.796875","1","0","0.10930824","0.065649986","0","0","0","0","8.125","0","0","0","0","0","0","1320","1000","1","1"
"1","code","optimized","gpu","effects-idle","mesh","0","0","0","not-requested","0","0","0","none","opengl","NVIDIA GeForce RTX 5080/PCIe/SSE2","","1","0","5002.8707","0","0","103.49219","149.87109","1","1","0.11173344","0.097834587","11.715141","2.3828659","256","64","5.0354004","0","0","0","0","0","0","1320","1000","1","1"
"2","code","optimized","gpu","effects","mesh","0","0","0","not-requested","0","0","0","none","opengl","NVIDIA GeForce RTX 5080/PCIe/SSE2","","1","0","4999.6865","421.875","0.26368841","108.30469","160.58594","1","1","0.11242008","0.14515209","13.105644","3.7733688","256","89","5.0354004","357","0.62688011","0.2294521","0.9611","0.23818487","0","1320","1000","1","0"
"2","code","optimized","cpu","effects","mesh","0","0","0","not-requested","0","0","0","none","raster","","disabled-by-environment","0","0","5000.9063","1468.75","0.91780239","117.49609","96.714844","1","0","0.10999489","0.093506813","0","0","0","0","8.125","309","4.224977","4.0322955","14.2275","0","0.11457314","1320","1000","1","0"
"2","code","optimized","gpu","effects-idle","mesh","0","0","0","not-requested","0","0","0","none","opengl","NVIDIA GeForce RTX 5080/PCIe/SSE2","","1","0","5005.368","15.625","0.0097551519","103.39844","153.38281","1","1","0.11173344","0.094582558","11.75222","2.4199448","256","64","5.0354004","0","0","0","0","0","0","1320","1000","1","0"
"2","code","optimized","cpu","effects-idle","mesh","0","0","0","not-requested","0","0","0","none","raster","","disabled-by-environment","0","0","5002.0031","0","0","96.761719","75.832031","1","0","0.10930824","0.056178093","0","0","0","0","8.125","0","0","0","0","0","0","1320","1000","1","0"
"2","code","reference","gpu","effects","mesh","0","0","0","not-requested","0","0","0","none","opengl","NVIDIA GeForce RTX 5080/PCIe/SSE2","","1","0","5000.2093","593.75","0.37107822","170.41016","300.58984","1","1","0.11242008","0.14686108","77.880051","68.547775","256","145","5.0354004","340","1.0862268","0.69685824","13.3552","0.22039529","0","1320","1000","1","0"
"2","code","reference","cpu","effects","mesh","0","0","0","not-requested","0","0","0","none","raster","","disabled-by-environment","0","0","5003.0678","1375","0.85884805","117.77734","97.066406","1","0","0.10999489","0.12163067","0","0","0","0","8.125","310","4.1750048","3.9889381","14.3282","0","0.11003806","1320","1000","1","0"
"2","code","reference","gpu","effects-idle","mesh","0","0","0","not-requested","0","0","0","none","opengl","NVIDIA GeForce RTX 5080/PCIe/SSE2","","1","0","5005.7915","0","0","148.43359","254.98438","1","1","0.11173344","0.053660393","57.215378","47.883102","256","83","5.0354004","0","0","0","0","0","0","1320","1000","1","0"
"2","code","reference","cpu","effects-idle","mesh","0","0","0","not-requested","0","0","0","none","raster","","disabled-by-environment","0","0","5004.9333","0","0","96.839844","75.96875","1","0","0.10930824","0.050416946","0","0","0","0","8.125","0","0","0","0","0","0","1320","1000","1","0"
"3","code","reference","cpu","effects","mesh","0","0","0","not-requested","0","0","0","none","raster","","disabled-by-environment","0","0","5002.9502","1375","0.85886823","113.74219","93.019531","1","0","0.10999489","0.11955452","0","0","0","0","8.125","310","4.2503803","4.0365603","14.4323","0","0.12589806","1320","1000","1","0"
"3","code","reference","gpu","effects","mesh","0","0","0","not-requested","0","0","0","none","opengl","NVIDIA GeForce RTX 5080/PCIe/SSE2","","1","0","5005.6238","703.125","0.4389594","169.8125","302.80078","1","1","0.11242008","0.1218977","77.338333","68.006058","256","134","5.0354004","331","1.10889","0.72246858","12.7579","0.22471329","0","1320","1000","1","0"
"3","code","reference","cpu","effects-idle","mesh","0","0","0","not-requested","0","0","0","none","raster","","disabled-by-environment","0","0","4988.5113","0","0","96.898438","75.984375","1","0","0.10930824","0.054110527","0","0","0","0","8.125","0","0","0","0","0","0","1320","1000","1","0"
"3","code","reference","gpu","effects-idle","mesh","0","0","0","not-requested","0","0","0","none","opengl","NVIDIA GeForce RTX 5080/PCIe/SSE2","","1","0","5004.2449","0","0","147.3125","253.46094","1","1","0.11173344","0.057812691","55.962662","46.630386","256","85","5.0354004","0","0","0","0","0","0","1320","1000","1","0"
"3","code","optimized","cpu","effects","mesh","0","0","0","not-requested","0","0","0","none","raster","","disabled-by-environment","0","0","5004.0896","1437.5","0.89770325","115.72656","94.953125","1","0","0.10999489","0.11009121","0","0","0","0","8.125","312","4.1954567","4.0002522","14.2868","0","0.11409038","1320","1000","1","0"
"3","code","optimized","gpu","effects","mesh","0","0","0","not-requested","0","0","0","none","opengl","NVIDIA GeForce RTX 5080/PCIe/SSE2","","1","0","4997.0899","468.75","0.29313936","109.40625","160.00781","1","1","0.11242008","0.14433479","12.999504","3.6672287","256","86","5.0354004","360","0.59886778","0.21134667","0.9549","0.22937306","0","1320","1000","1","0"
"3","code","optimized","cpu","effects-idle","mesh","0","0","0","not-requested","0","0","0","none","raster","","disabled-by-environment","0","0","5001.439","0","0","96.871094","75.972656","1","0","0.10930824","0.052034378","0","0","0","0","8.125","0","0","0","0","0","0","1320","1000","1","0"
"3","code","optimized","gpu","effects-idle","mesh","0","0","0","not-requested","0","0","0","none","opengl","NVIDIA GeForce RTX 5080/PCIe/SSE2","","1","0","5000.1596","0","0","103.13672","153.07812","1","1","0.11173344","0.088821411","11.524193","2.1919174","256","59","5.0354004","0","0","0","0","0","0","1320","1000","1","0"
